,title,author,genre,platform,story,rate
0,저기요 손님, 강소소,"드라마, 코믹, 친구",다음 웹툰,너무 다른 네 명의 절친이 뜬금없이 카페 동업하면서 벌어지는 좌충우돌 청춘드라마,9.5
1,우리가 사랑하는 방법, 기비,"순정, 짝사랑, 아이돌",다음 웹툰,그녀의 마음을 얻기 위해 아이돌 덕질에 뛰어들다!,9.9
2,대선비쇼에 어서오세요!, 아람,"드라마, 코믹, 음식",다음 웹툰,유도선수를 그만두고 졸업을 기다리던 황희는 PD지망생 요한을 만나 방송을 찍게 된다!,9.7
3,지옥사원, 네온비/캐러멜,"드라마, 판타지, 악마",다음 웹툰,인간이 된 악마의 사회 적응기! 그리고 그를 위협하는 존재들.,9.9
4,학사재생, 소유현/윰짝짝,"무협, 회귀, 소년",다음 웹툰,"천하제일이었던 사내, 금수저를 물고 다시 태어났다! 하지만 인생은 그리 호락호락하지 않다.",9.9
5,그 아해, 권계림,"미스터리, 스릴러, 초능력",다음 웹툰,"의사 행세를 하는 한 정신과 환자가 나타난 뒤로, '나'의 주변에서 자꾸만 이상한 일이 벌어진다. 그의 정체는 무엇일까.",9.8
6,천광명월, 석빈,"무협, 가족, 기생",다음 웹툰,강자만이 살아남는 무림전국시대. 전쟁노예 천광과 중원제일의 기생 명월의 무림 생존기,9.8
7,오무라이스 잼잼, 조경규,"일상, 코믹, 음식",다음 웹툰,한끼 한끼 최선을 다 해 먹는 조경규 작가의 맛나는 세상!,8.9
8,단두 (斷頭), 붉은 발/이동욱,"무협, 액션, 무장",다음 웹툰,"부모님의 원수를 갚기 위해 고전분투하는 단영, 단린, 두 오누이의 성장과 복수의 여정",9.8
9,백로식당, 확천금/이나이,"판타지, 드라마, 요리",다음 웹툰,"신들의 음식을 요리하는 만신, 백로의 특별한 식당에 어서오세요.",9.9
10,닥터 파인의 하루, 김용회,"드라마, 판타지, 순정, 삶",다음 웹툰,망자의 영혼을 수거하는 남자가 자기와 같은 일을 하는 옆 구역의 여자를 만나 펼쳐지는 삶과 사랑의 이야기,9.9
11,블랙 베히모스, 케이지콘,"판타지, 액션, 전투",다음 웹툰,탈리스만이 되기 위한 시험에 도전하는 주인공의 힘겨운 전투,9.8
12,금수친구들, 짤태식,"코믹, 일상, 동물",다음 웹툰,가난한 나무꾼과 사고뭉치 동물들이 만났다! 조선시대 집사의 처절하고 유쾌한 집사 라이프,9.2
13,그라티아, 상민/기현,"판타지, 액션, 엑소시스트",다음 웹툰,엑소시스트가 되고자 하는 소녀의 이야기,9.6
14,흔한 환생녀의 사정, 풀모,"순정, 판타지, 시공간초월",다음 웹툰,흔한 환생녀 발레리의 철벽 로맨스!,9.9
15,함께 춤을, 도연,"순정, 댄스, 복수",다음 웹툰,운명의 파트너를 만나 <댄스 위드 미> 우승을 거머쥘 수 있을까?,9.7
16,골드핸즈, 박하,"순정, 드라마, 예술",다음 웹툰,미술에 재능을 가진 '이그린'과 스타작가 '남현'의 비밀스러운 합작 프로젝트,9.7
17,신락도, 다원,"공포, 스릴러, 질병",다음 웹툰,"바이러스 감염자들의 수용소가 된 신락도, 이 곳엔 바이러스보다 더 무서운 것이 존재하고 있었다.",9.8
18,쥐덫, 오닛,"학원, 스릴러, 스토커",다음 웹툰,어차피 세상에 제정신인 놈들은 없다.,7.5
19,우리반 숙경이, 해밀 외 1인/뽀얌,"드라마, 학원, 귀신",다음 웹툰,27년째 학교에 앉아 있는 존재감 없는 찐따 귀신 숙경이 이야기,9.9
20,아싸가 알아버렸다, 곰브,"학원, 코믹, 고등학생",다음 웹툰,학교가 싫은 아싸 두봉과 학교가 너무 좋은 인싸 윤정의 이야기!,8.4
21,도깨비언덕에 왜 왔니?, 김용회,"판타지, 초자연, 도깨비",다음 웹툰,"엄마, 아빠 없는 집에 그 녀석들이 나타나기 시작한다?",9.8
22,살어리랏다, 김민소,"스릴러, 미스터리, 도박",다음 웹툰,돈이 되는 거라면 뭐든지 낚는 김청산의 생존법을 공개한다.,9.6
23,전생에 나라를 구한 자, 현마담,"학원, 코믹, 액션, 전생",다음 웹툰,왕따 소년이 의문의 귀신의 도움을 받아 학교를 평정하여 새로운 삶을 살게 되는데..,9.5
24,백작가의 불청객들, 아르누니,"드라마, 가족, 사랑",다음 웹툰,진실된 사랑과 평화를 찾아가는 필데트 백작 가족의 이야기,9.8
25,닭은 의외로 위대하다, 미역의효능,"드라마, 판타지, 좀비",다음 웹툰,"닭과 고양이, 평범한 20대와 비범한 할머니의 좀비세상 서바이벌",9.9
26,관존 이강진, 노경찬/송윤달,"무협, 성장드라마, 무림",다음 웹툰,미친놈 대인되는 이야기.,9.9
27,노력의 卍(만), 행자,"판타지, 액션, 배틀",다음 웹툰,"세상을 지배하는 천중궐, 최정상까지 노오력만으로 올라가는 여정",9.7
28,소쩍이 운다, 박흥용,"드라마, 여행, 생존",다음 웹툰,"생을 찾아 세상으로 나온 여자, 여자를 쫓는 무리, 그리고 여자를 지키려는 보디가드",9.9
29,딩스뚱스, 딩스,"일상, 코믹, 생활툰",다음 웹툰,"토종 한국인 딩스와 뚱스, 타지에서 맨 땅에 헤딩하기!",9.8
30,취향저격 그녀, 로즈옹,"순정, 드라마, 사랑",다음 웹툰,그의 심장을 저격하기 위해 뭉친 둘의 비밀스런 동거 라이프!,9.9
31,화폐개혁, 윤필/임정호,"드라마, 스릴러, 돈",다음 웹툰,"최하층 밑바닥 삶 유일한, 그를 찾아온 1조 원의 상속 기회와 화.폐.개.혁!",9.0
32,오늘은 꼭 고백할 거야!, CHYA,"학원, 순정, 짝사랑",다음 웹툰,겉바속촉 김단의 험난한 짝사랑 고백 성공기,9.6
33,아싸클럽, 랑쓰,"순정, 드라마, 사랑",다음 웹툰,'친구 없는 사람만 가입 가능!'  수상한 동아리 아싸클럽의 성장 스토리.,9.7
34,대마법사의 딸, 문설아/새벽애,"판타지, 순정, 육아",다음 웹툰,줄곧 나를 미워한 부모님은 친부모님이 아니었다. 내게 진짜 아빠가 따로 있다고 한다. 그래서 떠났다. 친아빠에게로.,9.9
35,환율이 바뀌었나요?, YB/쥐곰이,"드라마, 로맨스, 영혼",다음 웹툰,평범하게 살아가던 은행원 '이 율'. 꽃미남 사채업자와 몸이 뒤바뀌는데...?,9.7
36,CELL, 강형규,"학원, 액션, 초능력",다음 웹툰,어느 날 생긴 예측불가의 초능력. 희망 없는 청춘에게 쓸모 없는 힘이 생겼다!,9.9
37,하나하나둘, 고은,"순정, 드라마, 타임슬립",다음 웹툰,미래의 남편이 유령이 되어 나타났다?! 근데 나와의 과거를 기억 못 한다고?,9.9
38,기프트, 정이리이리,"스포츠, 드라마, 능력",다음 웹툰,"선수들의 등급과 능력을 볼 수 있는 감독과, 선수들의 고교야구 이야기",9.8
39,너를 기다리는 날, 복복,"순정, 판타지, 사랑",다음 웹툰,10년 전 99일 간 실종되었던 하윤은 자신이 실종되었던 장소에서 기묘한 또래 남자아이를 만나게 된다.,9.9
40,너에게 투 혼(魂)!, 롱토피아,"학원, 액션, 빙의",다음 웹툰,남고생이 된 액션배우 옥세라. 어쩔 수 없지! 내가 네 학교생활을 책임져줄게!,9.9
41,후크, 나진수,"판타지, 액션, 혁명",다음 웹툰,마법사와 마도 공학자들의 끝없는 전쟁. 몰락한 네버랜딩을 구하기 위한 혁명이 시작된다.,9.8
42,남남, 정영롱,"드라마, 코믹, 여자들",다음 웹툰,때론 정말 남이고 싶지만 남일 수 없는 이 관계,9.9
43,프레너미, 돌석,"스포츠, 드라마, 테니스",다음 웹툰,"거만한 천재 소년과 심약한 은둔 고수와의 만남, 재능과 노력만으론 최고가 될 수 없다!",9.9
44,구원, Axis,"판타지, 드라마, 복제인간",다음 웹툰,"복제인간 카피와 사랑에 빠진 순정마초 킬러, 그녀를 위해 세상에 맞서다.",9.9
45,나 홀로 버그로 꿀빠는 플레이어, 청초/오둥둥,"액션, 판타지, 게임",다음 웹툰,"성공할 수 있다면, 버그든 무엇이든 OK! 초고도비만 영주의 현생 도전기.",8.1
46,개목걸이, 김종욱/만두,"액션, 학원, 일진",다음 웹툰,저마다의 사정으로 피 튀는 싸움판에 뛰어든 소년들. 갖고 싶다면 뺏어라!,9.3
47,논현동 장사꾼, 김영현/아론/구김,"드라마, 장사, 요리",다음 웹툰,장사를 4번이나 말아먹었다. 그런데 이 괴팍한 할머니가 장사의 신이라고? 제발 제자로 받아주세요!,9.7
48,악한 기사, 글가애/김랄라,"순정, 판타지, 복수",다음 웹툰,대형견 순정남 황제와 악바리 기사의 로맨스,9.6
49,환상의 아이들, 김다,"학원, 공포, 퇴마",다음 웹툰,"귀신이라면 지긋지긋한 태경, 저주받은 학교에서 귀신보다 위험한 놈과 엮였다",9.8
50,그 책에 마음을 주지 마세요, 문시현/임조조,"순정, 드라마, 판타지, 복수",다음 웹툰,우연히 주운 일기장이 미래를 예지한다. 책 속 폭군이 나를 죽일 거라고?,9.8
51,봄날의 팔광, 우표,"순정, 판타지, 연애",다음 웹툰,"'해와 달' 속 달님, 천방지축 선녀와 지상 최대 싸가지 남자가 펼치는 판타지 로맨스!",9.6
52,해피하우스, 장삥준,"스릴러, 드라마, 비밀",다음 웹툰,"인생 패배자 고덕봉, 현실에서 도망쳐 온 폐가의 귀신으로 거듭나며 제 2의 인생을 찾는 듯 하다.",9.7
53,크레센도, 김탐미,"스릴러, 로맨스, 대학생",다음 웹툰,다 가진 여자와 다 뺏고 싶은 남자의 질투와 사랑,9.6
54,무지개다리 파수꾼, 이서,"드라마, 반려동물, 의학",다음 웹툰,"돈과 성공만을 전부로 알던 유명 수의사 한철은, 어느 날 동물들의 소리를 들을 수 있게 되는데...",9.9
55,신의 태궁, 해소금,"순정, 판타지, 동양",다음 웹툰,"신의 아이를 낳아 기르는 여인과, 그를 사랑한 도깨비의 이야기",9.9
56,불러줘 내 이름만, 꿀삼,"순정, 드라마, 사랑",다음 웹툰,첫사랑을 따라 대학에 왔더니 내 강아지와 이름이 똑같은 선배가?!,9.8
57,파륜아이, 박은비,"스릴러, 드라마, 타임슬립",다음 웹툰,부모를 살해한 형. 형이 부모를 죽일 수 밖에 없었던 진실과 마주친다.,9.7
58,주간소년열애사, 박시인,"순정, 드라마, 연애",다음 웹툰,"한 집에 사는 고등학생 5명의 '열애치정 드라마', 매주 금요일에 찾아갑니다.",9.9
59,너에게 가는 거리 2091km, 빵시헌,"순정, 드라마, 연애",다음 웹툰,홍콩과 서울을 오가는 두 사람의 달콤씁쓸한 성장로맨스,9.7
60,플러스 마이너스 제로, 하민석/마영신/이현중,"스릴러, 드라마, 재난",다음 웹툰,지진으로 학교가 땅속에 묻혔다. 누구의 짓이지?,9.8
61,슬프게도 이게 내 인생, 슬,"코믹, 일상, 직장생활",다음 웹툰,어? 사회생활이 원래 이런가? 천방지축 사회초년생 슬이의 다이나믹 인생!,9.8
62,정의는 죽지 않는다, 크레용/경우,"액션, 학원, 노인",다음 웹툰,시시한 10대의 학원 액션은 끝났다. 묵직한 연륜의 액션이 온다,9.6
63,이세계 전담반, 손희준/택,"판타지, 액션, 초능력",다음 웹툰,어느날 평범한 일상에 판타지적인 현상이 일어나기 시작했다. 내 방에 엘프가 몰래 숨어살고 있다고?,9.2
64,이상징후, 잇선,"드라마, 판타지, 능력",다음 웹툰,인생이 지옥 같다면 이상 현상이 벌어진다. 다음은 당신 차례일지도,9.8
65,선택은 하나, 박만두,"미스터리, 로맨스, 미래",다음 웹툰,미래를 보는 ‘하나’. 그를 구하기 위해 최악의 선택을 해야 한다.,9.7
66,사랑하는 존재, 향유 크리에이티브,"드라마, 순정, 사랑",다음 웹툰,심장 이식 수술을 받은 소유. 이식받은 심장이 같은 반 남자애 아빠의 심장이라고?,9.9
67,뱀파이어님의 대리식사, 멜리/웬즈데이,"순정, 판타지, 뱀파이어",다음 웹툰,대학생 시영이와 외로운 뱀파이어의 심쿵 먹방 동거생활!,9.5
68,쓰레기 머학생, 수레기,"일상, 학원, 대학생",다음 웹툰,다소 쓰레기 같은 대학생 작가의 일상을 다룬 만화. 수학을 싫어합니다.,7.8
69,불합격인간, Sepia,"드라마, 가족, 백수",다음 웹툰,"불합격 인간인 나 자신도, 언젠간 바뀔 수 있는 걸까?",9.8
70,감방에서 남자주인공을 만났습니다, 문시현/피티,"순정, 첫사랑, 썸",다음 웹툰,눈 떠보니 책 속 감방이다? 남주는 짐승?!,9.9
71,유부녀 킬러, YOON/검둥,"드라마, 킬러, 여성 능력자",다음 웹툰,"육아휴직을 마치고 회사로 돌아간 5년차 유부녀, 유보나의 비밀스러운 이중생활",9.9
72,액괴, 서강용,"학원, 액션, 일진",다음 웹툰,"교내 괴롭힘으로 황색망사점균을 먹게 된 수와 진오, 이후 둘은 알 수 없는 신체 변화를 겪고 액체 괴물과 같은 능력을 얻게 되는데..",9.8
73,바리공주, 김나임,"드라마, 판타지, 신화",다음 웹툰,무당이 되기 위한 소녀와 아내를 찾아 떠도는 남자의 조선시대 귀신 이야기,9.9
74,내일도 출근!, 맥퀸스튜디오,"순정, 드라마, 연애",다음 웹툰,회사 최악의 까칠남 VS 결혼은 싫다며 도망간 전남친. 둘 중 누구를 선택해야지?!,9.9
75,현세이의 보이는 라디오, 이제환/부족,"드라마, 일상, 질병",다음 웹툰,스트리머 현세이의 일상 소통 이야기,9.9
76,집행자여, 종수,"스릴러, 드라마, 현대사",다음 웹툰,통금시대. 어둠 속에서 고삐 풀린 그들,9.8
77,러브 스트리밍, 마영신/권다희,"드라마, 스릴러, 돈",다음 웹툰,누가 요즘 다운받니? 모든 게 실시간이지. 사랑도 돈도 인생 전부 다.,8.9
78,"신성한, 이혼", 강태경,"드라마, 지식, 결혼생활",다음 웹툰,"결혼은 아름답고 이혼은 치열하다. 누구나 지는 싸움, 이혼 소송.",9.8
79,스타의 학교생활, 올챙구리,"학원, 드라마, 학교생활",다음 웹툰,"10대 스타들의 리얼 관찰 예능쇼, 그런데 국민 비호감 출연?!",9.7
80,아비무쌍, 노경찬/이현석,"무협, 판타지, 무장",다음 웹툰,하늘의 뜻을 아니 아비는 무쌍이다.,9.9
81,멀리서 보면 푸른 봄, 지늉,"드라마, 순정, 대학생",다음 웹툰,왜 사람들은 해피엔딩이 아닌 걸 보고 현실적이라고 말할까? 고단한 청춘들의 하드보일드 드라마,9.8
82,사귄 건 아닌데, 민홍,"순정, 드라마, 첫사랑",다음 웹툰,"스무 살, 이루지 못했던 첫사랑과 스물아홉에 다시 만났다. 이번엔 그 때와 다를 수 있을까?",9.8
83,나를 지켜줘, 동남/하나,"드라마, 순정, 재벌",다음 웹툰,"살인마를 잡기위해 재벌가 비서로 위장한 형사 강해라, 목격자를 지키고 살인마를 잡아라!",9.8
84,사랑하면 디져~트, 참치캔,"순정, 학원, 판타지, 로맨스",다음 웹툰,짝남에게 고백하기 위해 만든 쿠키가 살아 움직인다! 게다가 자기의 사명이 내 고백 성공이라고? ‘제가 최선을 다해 도울게요!’,9.7
85,내 친구는 선녀보살, 챰,"미스터리, 드라마, 무당",다음 웹툰,고등학생 무당이자 sns 스타인 김선녀가 펼치는 기이하고 신비한 이야기.,9.9
86,중고거래, 주명,"스릴러, 미스터리, 살인사건",다음 웹툰,극한의 이득충 '되팔러' 이준! 중고거래 꿀매로 구매한 택배가 도착하고 기쁜 마음으로 택배 상자를 열어보지만...,8.7
87,체벌교사, 시노키오/홍솔민,"학원, 액션, 선생님",다음 웹툰,무너진 교권과 체계를 바로잡기 위해 '천의 고'에 발령받은 체벌 교사 '최강인'의 특별한 야간 자율학습이 시작된다.,8.4
88,수린당 -비늘 고치는 집-, 일링스,"드라마, 판타지, 사랑",다음 웹툰,이런 게 축복이라면 필요 없어. 운명을 바꾸기 위한 자매의 여정,9.9
89,21’ LCK 서머 : Summer is Coming," 빛돌, 뽈쟁이, 제카y","스포츠, 게임, 서바이벌",다음 웹툰,2021년 LCK 서머 스플릿 공식 웹툰 매주 핫한 경기 리뷰와 비하인드 스토리 대방출!,9.4
90,쑥, 문홍조,"드라마, 로맨스, 짝사랑",다음 웹툰,"사라진 여자 '쑥' 그리고 한자리에 모인 '쑥'을 사랑한다는 네 남자, 그들의 여정이 시작된다.",9.8
91,뱀파이어 신드롬, 이충호,"액션, 판타지, 뱀파이어",다음 웹툰,"뱀파이어의 피 묻은 손을 잡던 그 순간, 우리들의 복수가 시작됐다.",9.2
92,지금은 연애를 쉽니다, 유현숙,"순정, 연애, 썸",다음 웹툰,다가오는 이별을 맞이하는 여자의 홀로서기 성장기,9.8
93,소녀신선, 효미,"판타지, 액션, 설화",다음 웹툰,"재수생 하버들, 신선이 되어 성질 드러운 이무기 '꽝철이'와 만나다",9.9
94,백의조각, 홍일,"공포, 미스터리, 저주",다음 웹툰,"반복되는 저주, 받아들일 것인가 끊어낼 것인가",9.8
95,바니와 오빠들, 니은,"순정, 코믹, 연애",다음 웹툰,"흑역사 첫 연애를 끝낸 뒤, 자꾸만 남자들이 꼬이는 중! 누가 똥차고 누가 벤츠일까?",9.9
96,반지하셋방, 평범한 자매,"일상, 코믹, 자매",다음 웹툰,반지하에 살고 있는 자매의 좌충우돌 일상툰,9.8
97,허약선생, 철범/울펜,"무협, 코믹, 학원",다음 웹툰,무림 최고의 암살자 '귀면독' 선생의 특별한 제자 육성이 시작된다.,9.7
98,저승사자 온라인, 쑨,"액션, 판타지, 게임",다음 웹툰,"죽은 소녀의 영혼을 인도하러 온 저승사자, 그런데 게임 속에 갇히다?!",8.6
99,키몽의 호구로운 생활, 키몽,"코믹, 일상, 유머",다음 웹툰,"예쁜 나이 서른 살, 어딘가 모자란 청년들의 호구 같은 나날들",9.8
100,이토록 보통의, 캐롯,"드라마, 순정, 사랑",다음 웹툰,"특별하지만, 보통의 연애",9.5
101,타원을 그리는 법, 섬멍,"드라마, 미스터리, GL",다음 웹툰,"너무 다른 두 사람의 연애 3년, 민성의 비밀은 두 사람을 예기치 못 한 사건에 휘말리게 한다.",9.9
102,악녀의 탄생, TB,"순정, 판타지, 악마",다음 웹툰,한순간 모든 재산을 빼앗긴 그녀 앞에 나타난 세 남자. 그녀의 선택은?,9.8
103,남의 사랑 이야기, 사란,"드라마, 순정, 사랑",다음 웹툰,"마냥 달지만은 않은 남들의 이야기를 스쳐가며, 남보다는 나를 위하게 되는 날까지.",9.8
104,나만 아는 사랑, 아임,"순정, 드라마, 짝사랑",다음 웹툰,사랑을 고백하지 못하는 이들의 짝사랑 로맨스,9.6
105,천연 天緣, ALIC,"판타지, 순정, 초자연",다음 웹툰,"돌이킬 수 없는 과거와 얽히는 현재. 그리고, 유동의 미래",9.6
106,씨방것들, 오청,"드라마, 순정, 현실반영",다음 웹툰,"관종 패밀리의 막내, 첫사랑은 연예인! 그래도 평범하게 살고 싶어!",9.7
107,비밀 사이, 맥퀸스튜디오,"순정, 드라마, BL",다음 웹툰,미웠던 사람이 좋아지는 건 한 순간! 두근두근 회사 로맨스 시작?!,9.9
108,별똥별이 떨어지는 그 곳에서 기다려, 만물상,"판타지, 순정, 동화",다음 웹툰,실종되는 별똥별들의 행방을 쫓는 마녀와 고양이의 이야기,9.9
109,키스해주세요, 한지혜/산다하,"순정, 드라마, 연애",다음 웹툰,키스 못하면 죽는 병에 걸린 남자의 생존을 위한 비밀 키스 계약,9.8
110,주말 도미 시식회, 이용우,"액션, 드라마, 격투",다음 웹툰,소소한 삶을 지키기 위한 그들의 전쟁,9.9
111,재벌과의 인터뷰, 우다,"순정, 드라마, 재벌",다음 웹툰,재벌 납치 감금물 작가가 재벌남의 은인이 되었다?!,9.9
112,열무와 알타리, 유영,"일상, 코믹, 가족",다음 웹툰,우리의 평범하고 특별한 일상들이 누군가에게 공감과 위로가 되길 바라며…,9.9
113,순정 히포크라테스, 골드키위새,"순정, 드라마, 사랑",다음 웹툰,"의대생이 된다는 것, 의대생의 순정이란?",9.9
114,아버지의 복수는 끝이 없어라, 강태진,"스릴러, 드라마, 복수",다음 웹툰,할머니 집에서 찾아낸 아버지. 30년 간 묻혀있던 비극이 복수로 깨어났다.,9.9
115,사랑하는 가족에게, 수하,"드라마, 스릴러, 가족",다음 웹툰,완벽해 보이는 예술가 가족. 그 일상은 천재 아들로 인해 부서지기 시작한다.,9.8
116,미드나잇 블루, 보보군,"순정, 드라마, 삼각관계",다음 웹툰,꿈을 좇는 남자와 쟁취하려는 여자. 현실과 이상을 둔 자존심 싸움,9.6
117,퀴퀴한 일기, 2B,"코믹, 일상, 여자들",다음 웹툰,즈질스럽고 퀴퀴한 언니의 쿰쿰한 일상다반사,9.9
118,죽어도! 치우, 만백,"액션, 판타지, 전투",다음 웹툰,죽어도! 죽지 않고 더 강해지는 치우의 성장 모험기!,9.7
119,구슬의 주인, 갸가,"순정, 학원, GL",다음 웹툰,"어느날 얻게 된 수상쩍은 구슬, 그리고 찾아온...구미호?!",9.8
120,우리가 헤어진 사이에, 오하,"순정, 첫사랑, 삼각관계",다음 웹툰,홀로서기를 시작한 이라 앞에 남사친들이 남자가 되어 돌아왔다!,9.8
121,이대로 멈출 순 없다, 자룡/골왕,"코믹, 학원, 학교생활",다음 웹툰," 사상 최악의 막장 쓰레기 문제아 학교, 정문여상에서 살아남기!",9.9
122,흑우, 유베테/늙슬,"스릴러, 드라마, 주식",다음 웹툰,"탐욕을 향한 호구들의 몸부림, 그리고 펼쳐지는 대 주식사기극",9.7
123,블랙윈터, 정이나,"순정, 판타지, 사랑",다음 웹툰,"어느 새카만 겨울날, 소년은 저주 받았고 소녀는 죄를 지었다.",9.9
124,강호표사, OZi,"무협, 액션, 무림",다음 웹툰,칼퇴를 꿈꾸는 속물 표사 무영! 하지만 사부님의 희망사항은? '협객이 되어라!',9.8
125,날씨의 요정, 이이영,"순정, 판타지, 연애",다음 웹툰,"어느 시골 마을 기우제, 낯선 소년을 만났다. 그리고 비가 내렸다.",9.9
126,풍검, 김철현 ,"액션, 판타지, 동양",다음 웹툰,마계의 힘으로 인간계를 없애려는 자들과 막으려는 자들의 치열한 싸움,8.6
127,헤븐 투 헬, 김종훈,"판타지, 성인, 천사",다음 웹툰,단테의 신곡 속 세계관을 배경으로 펼쳐지는 성인 액션 판타지,9.6
128,일단 질러! 질렐루야, yami ,"코믹, 일상, 쇼핑",다음 웹툰,소소한 생활지름의 세계로 오라~ ,9.6
129,기숙사(死), 이제환/나는나야,"스릴러, 드라마, 폭력",다음 웹툰,사람이 네명이 모이면 한명은 정상이 아니다.,9.7
130,말하지 말까, 마루,"순정, 드라마, 첫사랑",다음 웹툰,첫사랑의 향기를 다시 기억하고 싶은 ‘한마리'와 향기 나는 남자 ‘길은수'가 서로 필요로 하는 이야기.,9.9
131,뽀짜툰, 유리,"코믹, 일상, 반려동물",다음 웹툰,귀요미 냥이들과 함께 하는 유리네 일상 이야기,9.9
132,남궁세가 소공자, 기성욱/남사랑/Rose Studio,"무협, 드라마, 무림",다음 웹툰,이세계를 평정하고 무림으로 돌아온 남궁서휘. 힘을 감춘 그의 행보가 무림을 흔든다.,9.0
133,침묵의 정원, 염라/얌,"순정, 판타지, 복수",다음 웹툰,"남편과 딸을 잃고서야 내 세계가 뒤틀린 걸 깨달았다. 기적처럼 찾아온 두 번째 삶, 이젠 나를 위해 쓸 거야.",9.8
134,미완결, 네온비/안나래,"드라마, 성인, 소설가",다음 웹툰,오랜 팬으로 동경하던 천재 소설가 선생님이 내 애인을 강렬히 원한다,9.8
135,후궁공략, 봉봉,"판타지, 게임, 궁",다음 웹툰, 가상현실 게임 <후궁공략>에 갇혀버렸다? 현실로 돌아갈 방법은 황후가 되는 엔딩을 보는 것 뿐!,9.8
136,유부녀의 탄생, 김환타,"코믹, 일상, 결혼생활",다음 웹툰,누구도 알려주지않은 결혼식 준비에 대한 리얼리티 카툰! ,9.8
137,샬롯에게는 다섯 명의 제자가 있다, 용용,"판타지, 순정, 마법",다음 웹툰,세상을 구한 대마법사. 죽음에서 돌아와 새로운 인생을 살려는데 제자들이 이상하다.,9.9
138,쌍갑포차, 배혜수,"드라마, 판타지, 음식",다음 웹툰,"<2017 대한민국 만화대상> 우수상 수상. 늦은 밤, 낯선 곳에 나타난 의문의 포장마차. 그 곳에서 일어나는 이야기들",9.9
139,어린 (물고기 비늘), 윤태호,"드라마, 모험, 생존",다음 웹툰,우연한 성공으로 극도의 압박감에 계약을 위반하면서까지 남극으로 떠난 작곡가는 그곳에서 더한 고통을 경험한다.,9.8
140,할매, 재후,"액션, 스릴러, 복수",다음 웹툰,칠순을 앞둔 숙자. 어느 날 초주검이 되어 돌아온 손주를 본 순간 그녀의 삶은 송두리째 뒤집힌다.,9.9
141,방구석 여포, 키미하이,"학원, 액션, 능력자",다음 웹툰,방구석에서만큼은 천하무쌍! 찐따고딩 여포의 숨겨진 능력이 깨어난다,9.2
142,록산, 백작,"미스터리, 스릴러, 로맨스",다음 웹툰,"어머니의 죽음과 함께 찾아온 여자, 록산은 막시밀리안의 삶을 통째로 흔들어 놓기 시작한다.",9.9
143,우리집이거든요!, 공룡,"순정, 드라마, 설렘",다음 웹툰,극한인생 서은우에게 찾아 온 거액의 상속! 그리고 상속 예정인 집에 살고 있는 정체모를 그 녀석들!,9.5
144,그녀의 앵무새, 금계수,"순정, 드라마, 청춘",다음 웹툰,현실적인 삶을 사는 은행원 '진아'와 이상적인 삶을 추구하는 정체불명 앵무새 '호두'. 두 상극이 만나며 벌어지는 이야기.,9.9
145,적당한 온도, 우갱,"드라마, 일상, 방황",다음 웹툰,"김민지 23세, 흔한 이름과 얼굴을 가진 일명 '흔녀'. 난 온도를 자유자재로 다룰 수 있다.",9.9
146,해오와 사라, 송송이,"드라마, 판타지, 인어",다음 웹툰,제주도 우도의 푸른 바다. 해녀와 인어의 특별한 인연이 시작된다.,9.9
147,경이로운 소문, 장이,"판타지, 스릴러, 가족",다음 웹툰,영원불멸의 삶을 위해 지구로 내려온 사후세계 악한 영혼들. 그들을 잡는 카운터들의 이야기.,9.9
148,나빌레라, Hun/지민,"드라마, 꿈, 발레",다음 웹툰,"나이 일흔에 도전을 시작했다. 스물셋, 방황이 시작됐다.",10.0
149,악역의 구원자, 명랑/잿슨,"순정, 판타지, 집착",다음 웹툰,"모든 것을 걸어서라도 악역인 아제프의 운명을 바꾸겠노라 다짐한 여자, 엘제이. 자신 문장의 비밀을 숨기고, 그를 구원할 수 있을까?",9.9
150,나비는 세 번 변태한다, 라다/컨트리리,"순정, 욕망, 비밀",다음 웹툰,회사 동료의 남자친구와 키스를 하게 된 나예. 그녀에겐 나쁜 목소리가 들린다.,7.5
151,버닝 이펙트, 박태현,"액션, 판타지, 갱스터",다음 웹툰,'죄를 짓는 자는 죽는다.' 법을 집행하는 자와 세상을 뒤엎으려는 자들의 치열한 싸움,9.9
152,왕 그리고 황제, 정이리이리,"드라마, 코믹, 역사",다음 웹툰,"영혼이 바뀐 고종과 태종, 그들은 조선을 바꿀 수 있을까?",9.6
153,하나밖에 안 보여!, 샌도,"순정, 학원, 학교생활",다음 웹툰,햇살 같은 하나와 음침 미소년 창욱이의 친구 만들기 프로젝트!,9.9
154,사화, 다미/잿슨,"드라마, 판타지, 죽음",다음 웹툰,사랑을 놓을 수 없는 베누와 꽃을 피우는 악마 디테가 그리는 삶과 죽음에 관한 아름다운 이야기,9.6
155,고교호구왕, 김구일/슥수,"스포츠, 학원, 왕따",다음 웹툰,만인의 호구! 왕따 ‘한결’이 검도의 신을 만난 후 검도선수로 성장하는 이야기,9.8
156,하필 너야?!, 임자,"드라마, 순정, 고양이",다음 웹툰,불의의 사고로 고양이가 된 그녀. 운명의 그를 만나고 사람이 될 수 있을까?,8.7
157,의 향, 보리,"순정, 성인, 조선시대",다음 웹툰,당신의 살내음과 여름밤의 향기를 난 평생 잊지 않을 거에요,9.9
158,그 남자의 하이힐, 김지미,"드라마, 코믹, 취미",다음 웹툰,하이힐을 만드는 남자 체이스 오와 하이힐을 신는 남자 만석의 운명적 이야기,9.5
159,유색의 멜랑꼴리, 비나리,"드라마, 일상, 가족",다음 웹툰,“이 결혼 용납 못 해!”  떨어지는 꽃잎 사이로 벌어진 난투극. 34살 유도완의 결혼식은 그렇게 망했다.,9.9
160,보글보글챱챱, 첨지,"일상, 드라마, 음식",다음 웹툰,맛있게 잘 먹겠습니다! 매일매일을 행복으로 채우는 맛있는 한입! ,9.5
161,같은 방에서, 혹등고래,"순정, 코믹, BL",다음 웹툰,모태 금수저 재벌 3세 하성과 프로절약러 흙수저 지호의 동거 라이프,9.5
162,특별직, 금기혁,"액션, 드라마, 사건사고",다음 웹툰,국민청원을 해결하기 위한 특별직. 호연은 임무 수행 중 과거의 숨겨진 진실들을 알게 된다.,9.8
163,용의주도 황비, 자주/산맡,"순정, 판타지, 빙의",다음 웹툰,세계관 최강자 백룡… 폭군의 아내가 되다?,9.5
164,내추럴 리드미칼 2, 전상영,"액션, 판타지, 갱스터",다음 웹툰,"SF액션 활극, 쑈오리 라마가 세상을 바꾼다! ",9.7
165,경성야상곡, 김라무,"드라마, 순정, 일제강점기",다음 웹툰,"1928년 일제강점기 경성, 두 소녀의 뒤바뀐 운명",9.9
166,괴물아기, 이상윤,"드라마, 판타지, 괴물",다음 웹툰,"우연히 괴물 아기를 키우게 된 가출 소년 김호, 과연 그들은 행복해질 수 있을까?!",9.8
167,카페 보문, 심우도,"드라마, 일상, 카페",다음 웹툰,사람들의 이야기가 만들어지고 마음을 나누는 공간 '카페 보문' 오픈하였습니다.,9.9
168,묘씨맥주점, 김경,"드라마, 일상, 고양이",다음 웹툰,솜방망이 손으로 건네는 맥주 한 잔과 작은 위로,9.9
169,일생에 변태를 세 번 만날 확률, 오리발,"학원, 탐정, 추리",다음 웹툰,교내 최고 인기인 얼음공주 차미라에게 배달된 선물... 그것은 남자의 XX?!,9.5
170,게뭐야, 지지,"코믹, 성인, 생활툰",다음 웹툰,평범하지만 평범하지 않은 두 남자의 이야기,8.3
171,여자만화 구두, 박윤영,"순정, 드라마, 사랑",다음 웹툰,내가 좋아하는 사람이 날 좋아하는 기적 같은 일. 내게도 생길 수 있을까?,9.7
172,우리학교 김선생님, 복슬,"드라마, 순정, 선생님",다음 웹툰,초보 교사 수지와 완벽한 교사 선우. 너무 다른 두 명의 김 선생님 이야기.,9.9
173,큐레이터, 김동우/송준혁,"판타지, 액션, 초능력",다음 웹툰,유물의  등장으로  지구는 망했다. 유물을 못 다루는 유물 관리 공무원의 본격 이능력 배틀물! ,9.5
174,오늘도 꽐랄라라, 아실,"드라마, 순정, 연애",다음 웹툰,술은 잘해도 연애는 잘 못하는 말술녀 4인방의 취중연애담,9.7
175,트레이스, 네스티캣,"판타지, 액션, 초능력",다음 웹툰,"트레이스, 트러블, 인간.. 그들의 생존을 건 싸움",9.8
176,조우, 최희선,"스릴러, 공포, 범죄",다음 웹툰,"누구나 맞닥뜨릴 수 있는, 하지만 결국은 남의 일로 치부해 버리는.",9.9
177,사내 맞선, 해화/들깨/NARAK,"순정, 코믹, 연애",다음 웹툰,친구 대타로 나간 선자리. 그런데 이 존잘 맞선남이 우리 회사 사장?!!,9.9
178,크라이시스, 타란트/조약돌,"판타지, 액션, 초능력",다음 웹툰,인류의 위기 속에서 펼쳐지는 초능력 소년 니코와 비밀을 간직한 소녀 리바의 모험!,9.7
179,진심이 닿다, 예거/더 앤트/더 앤트,"순정, 드라마, 미남미녀",다음 웹툰,연예계 탑 배우였던 오윤서. 재기를 위해 로펌에 비서로 위장 취업?!,9.8
180,레드스톰, 노경찬/암현,"액션, 무협, 무장",다음 웹툰,"사막의 찐득찐득한 모래바람과, 그곳을 질주하는 전사들의 이야기",9.5
181,방탕일기, 단지,"드라마, 일상, 30대",다음 웹툰,"34살, 제대로 놀아본 적 없는 성인의 뒤늦은 오춘기",5.7
182,꽃같은 인생, 김인정,"순정, 드라마, 연애",다음 웹툰,네 명의 친구들이 펼치는 울고 웃고 사랑하는 캠퍼스 라이프. 당신의 연애는 어떤 모습인가요?,9.2
183,우리 집에 왜 왔니, 이윤희,"순정, 드라마, 연애",다음 웹툰,바쁜 일상을 살아가는 회사원 서재희 앞에 나타난 낯설기만 한 그 녀석. 그 녀석에 대한 선입견을 벗겨라!,9.9
184,창백한 말, 추혜연,"판타지, 순정, 마녀",다음 웹툰,"1835년 프랑스, 마녀로 불리던 소녀의 핏빛 운명",9.2
185,심봉사전, 서강용,"무협, 액션, 딸",다음 웹툰,"장님이어도 그의 칼끝은 보이는 것처럼 날카로웠으니. 성은 심이요, 이름은 학규로다.",9.8
186,표류감옥, 조원표,"스릴러, 액션, 교도소",다음 웹툰,내가 취업한 곳은 사상 최악의 교도소. 그곳에서 살아남아야 한다,9.5
187,어름치, 박세가,"코믹, 드라마, 아르바이트",다음 웹툰,강원도 산골에서 펼쳐지는 뜨거운 노동 이야기,9.8
188,작약만가 : 불환곡, 인토르노,"판타지, 스릴러, 욕망",다음 웹툰,"비단위에 내 죽음이 몰아치는구나. 아, 희라! 돌아오지 못할 자여, 반벽의 노래로다.",9.9
189,여의주, 운/김한석,"드라마, 정치, 도전",다음 웹툰,취업 포기! 정치 도전! 당신의 정치는 무엇입니까? ,9.9
190,어둠이 걷힌 자리엔, 젤리빈,"미스터리, 판타지, 기담",다음 웹툰,<묘진전>작가 신작. 19nn년 경성의 한구석에 자리한 특별한 가게. 그곳에 모이는 기기묘묘한 사연들,10.0
191,내 일진이 이렇게 귀여울리가 없어, 김수오/일,"순정, 판타지, 병맛",다음 웹툰,악마처럼 날 괴롭히던 일진이 어느 날 조그만 인형 크기로 눈 앞에 나타났다?!,9.5
192,찬란한 액션 유치원, 탐이부/김동찬,"코믹, 액션, 병맛",다음 웹툰,찬란하지만 결코 유치하지 않은 아이들의 우정과 평화의 유년 드라마 (※본격교육웹툰),9.8
193,이태원 클라쓰, 광진,"드라마, 청춘, 술",다음 웹툰,"각자의 가치관이 어우러지는 이 곳, '이태원'. 이 거리를 살아가는 그들의 이야기",9.9
194,빌린 몸, 박세계,"순정, 판타지, 학원",다음 웹툰,"열 아홉 살, 순수하고 풋풋했던 그 시절 10대 마지막 순간의 알콩달콩 사랑 이야기",9.2
195,저녁 같이 드실래요?, 박시인,"순정, 연애, 음식",다음 웹툰,나에게도 꽃미남 밥 친구를! 음식에 얽힌 두 남녀의 비밀스런 연애 이야기,9.9
196,메모리스트, 재후,"미스터리, 스릴러, 기억",다음 웹툰,기억을 읽는 초능력 형사 '동백'. 미스터리한 연쇄 살인사건을 맞닥뜨리다!,9.9
197,까락, 서강용,"액션, 드라마, 조폭",다음 웹툰,주먹 자랑을 하지 말아야 하는 벌교. 그곳에 서울 '조폭'이 내려와 물을 흐린다!,9.4
198,대나무숲에서 알립니다, 이백/황짠느,"스릴러, 학원, 학교생활",다음 웹툰,"익명의 제보를 대신 전하는 '청록고 대나무숲', 누군가 나의 비밀을 폭로했다.",9.8
199,나는 엄마다, 순두부,"드라마, 일상, 육아",다음 웹툰,현재 엄마인 사람들 혹은 아닌 사람들 모두 공감하는 엄마의 이야기,9.8
200,겨울과 봄사이, 하래,"순정, 학원, 첫사랑",다음 웹툰,색청을 앓고 있는 하연에게 나타난 대비되는 색깔의 두 남자,9.9
201,개같은 세상, 정종수,"판타지, 드라마, 반려동물",다음 웹툰,개들은 알지 못하는 애완동물들의 이야기,9.9
202,돈나무, 유들/라떼,"스릴러, 드라마, 돈",다음 웹툰,"어느 날, 우리 집 뒷 마당에 돈이 열리는 나무가 자라났다!",9.2
203,배고픈 자들의 도시, 유칼립/휘,"판타지, 액션, 좀비",다음 웹툰,오랜 잠에서 깨어난 뱀파이어가 마주한 것은... 다름 아닌 좀비?!,9.9
204,9, 우윱,"스릴러, 미스터리, 살인",다음 웹툰,"90년대 구석진 시골 마을, 인간을 향한 복수가 시작된다.",9.8
205,드림사이드, 홍정훈/신월,"판타지, 좀비, 원작소설",다음 웹툰,"꿈을 꾸면 그 곳은 좀비가 들끓는  7년 후의 미래, 좀비로 인한 멸망을 막아라!",9.8
206,헬로 마이 안드로이드, 고선영,"판타지, 순정, 타임슬립",다음 웹툰,내 아들이라고 주장하는 소년이 나타났다. 갑자기 시작되는 좌충우돌 SF 로맨스,9.9
207,망자의 서, GAR2/오쌤,"미스터리, 남편, 죽음",다음 웹툰,죽은 남편의 편지가 도착했다.,9.9
208,달리는 여자, 지은광,"드라마, 순정, 첫사랑",다음 웹툰,"대학교 막학년에 찾아온 첫사랑, 복학생 달리의 대학교 로맨스!",9.8
209,계약우정, 권라드,"드라마, 학원, 고등학생",다음 웹툰,두 고등학생의 '나'로 살아남기,9.9
210,스틸레인3 : 정상회담, 양우석/제피가루,"드라마, 액션, 북한",다음 웹툰,정상회담을 위해 한자리에 모인 남북미 3인의 정상들. 예상치 못한 위기에 빠진다.,9.3
211,헤븐즈 소울, 하람/김영지,"액션, 판타지, 히어로",다음 웹툰,괴생명체 크리쳐의 공격에 맞서는 소녀들의 이야기,8.9
212,ONE, 이은재,"액션, 학원, 일진",다음 웹툰,문제는 세상에 나쁜 놈들이 너무 많다는 거야. 이건 혁명이야.,9.9
213,해치지않아, Hun,"드라마, 동물, 사육사",다음 웹툰,"동물원을 살리기 위한, 동물 없는 미친 동물원 개장!",9.6
214,여혜, 비나리,"순정, 드라마, 로맨스",다음 웹툰,가려진 진실과 휘말린 애증 속 엇갈리기만 하는 이들의 가슴 시린 시대극 로맨스.,9.9
215,4학년, 봉수,"스릴러, 드라마, 스토커",다음 웹툰,날 바라보는 아이의 눈빛이 이상하게 느껴진다. ,9.9
216,사귀자, 이노우/근영,"순정, 드라마, 초능력",다음 웹툰,천재 미녀 웹툰 작가 ‘공민주’에게 귀요미 귀신 ‘유령이’가 팬이라며 달라붙었다!,9.4
217,겟 레디 위드 미, 여은,"순정, 지식, 메이크업",다음 웹툰,"뷰티 크리에이터를 제안하는 지욱과, 관심 1도 없는 그림의 메이크업 로맨스",9.7
218,굿바이 사돈!, 교교박,"순정, 드라마, 연애",다음 웹툰,사돈 사이가 된 원수지간 남녀. 때마침 모든 걸 되돌릴 수 있는 기회가 눈앞에 찾아오는데!,9.9
219,아티스트, 마영신,"드라마, 코믹, 풍자",다음 웹툰,어린이들과 다를 바 하나 없는 예술가들의 욕망이 펼쳐진다.,9.8
220,이 콤플렉스, 이윤희,"순정, 성인, 하룻밤",다음 웹툰,"혹시 오늘 밤, 나와 함께 보내줄 수 있나요?",9.5
221,SAVAGE, 홍경표,"스릴러, 액션, 범죄",다음 웹툰,"야만의 시대, 욕망을 향한 짐승의 몸부림이 시작된다.",9.8
222,끼리끼리, 이주현,"코믹, 학원, 고등학생",다음 웹툰,아직 어리고 세상은 몰라도 우리끼리 재밌으면 된 것 아닌가요? 끼리끼리 렛츠기릿!,9.9
223,승은이 망극하옵니다, 참치캔,"판타지, 순정, 궁",다음 웹툰,"""내 후궁이 되지 않겠나."" ""..네? 전 남잔데요?"" 이세계에 떨어진 승은이, 집에는 돌아갈 수 있을까.",9.9
224,안개숲, 조원표,"스릴러, 드라마, 소름",다음 웹툰,"사고에 휘말린 세 남녀, 영원히 걷히지 않을 것 같은 안개숲에서 탈출할 수 있을까?",9.4
225,오피스텔, 조원표,"공포, 스릴러, 소름",다음 웹툰,자신이 가장 익숙하고 편안한 장소는 집. 그곳에 나 아닌 다른 존재가 느껴진다면?,9.2
226,네 살 차이, 마하로/이범,"순정, 드라마, 첫사랑",다음 웹툰,"궁합도 안 본다는 네 살 연상녀, 연하남. 성격도 취향도 다른 우리는 좋은 짝이 될 수 있을까?",9.6
227,들쥐, 루드비코,"스릴러, 드라마, 미스터리, 추리",다음 웹툰,십년 간 집에서만 살던 남자의 십년 만의 외출,9.8
228,대디보이, 이록,"학원, 드라마, 육아",다음 웹툰,자타 공인 최고의 인기남 한강. 연예인으로 데뷔하고자 하는 그에게 일생일대의 사건이 벌어진다,9.7
229,체이서, 하준성 ,"액션, 코믹, 모험",다음 웹툰,기억을 잃어버린 네드일행과 그를 쫓는 체이서들간의 코믹액션모험활극! ,9.2
230,껍데기, 김탐미,"스릴러, 드라마, 성형수술",다음 웹툰,"예뻐지고 싶은 태희와 성형외과 의사 도하, 그들은 껍데기만으로 행복해질 수 있을까?",9.4
231,Go Bananas, 센개,"순정, 드라마, BL",다음 웹툰,언제나 걸려오는 발신자 표시 제한 전화. 두 달 전 나를 매몰차게 버린 그녀일까? 아니면…,9.9
232,에 사는 사람들, 다원,"성인, 공포, 소름",다음 웹툰,"등골이 오싹하려던 찰나, 몸에서 벌레 기어 다니는 소리가 들린다!",9.6
233,풀 뜯어먹는 소리, 글피,"코믹, 일상, 농촌",다음 웹툰,서울 남자와 시골 여자의 몸에 좋고 맛도 좋은 귀촌 라이프,9.8
234,유사과학 탐구영역, 계란계란,"지식, 코믹, 유머",다음 웹툰,"현대판 약장수의 상업논리, 유사과학에 대하여 심층적으로 파헤치는 탐구만화",9.8
235,노인의 집, 이림/김종욱,"드라마, 노인, 청소년",다음 웹툰,매우 규칙적이고 성실하게 삶을 허비하는 노인의 집에 한 아이가 들어왔다.,9.9
236,밤에 사는 소녀, 문홍조,"드라마, 학원, 성장드라마",다음 웹툰,암울한 태생의 두 소녀에게서 일어나는 일들과 그들의 행복에 관한 이야기,9.9
237,악연, 최희선,"스릴러, 공포, 사채",다음 웹툰,"사채빚의 남자, 시체를 유기한 남자, 그리고 상처받은 여자. 그들은 악연이었다.",9.9
238,머리 위로 부는 바람, 이이영,"순정, 드라마, 첫사랑",다음 웹툰,"스무살 봄이 오기도 전, 그리고 2년 후 너를 다시 만났을 때",9.9
239,징크스의 연인, 한지혜/구슬,"순정, 드라마, 재벌",다음 웹툰,재벌가가 숨겨둔 행운의 여신이 가난하고 재수 옴 붙은 내게로 왔다.,9.9
240,유치원의 하루, 가바나,"코믹, 일상, 유치원",다음 웹툰,귀여운 아이들의 유치원 일상,9.5
241,원한 빛, 이상록,"판타지, 성인, 전생",다음 웹툰,기억이 지워지지 않는 끝없는 윤회. 형벌인가 기회인가.,9.8
242,과격자매단, 바쉬,"일상, 코믹, 자매",다음 웹툰,개성 강한 자매들의 일상을 파헤친다!,9.9
243,취준생물, 김판교,"드라마, 취업, 성장드라마",다음 웹툰,"힘든 취업난 속 무스펙, 학벌, 인맥을 이겨내고 취직에 성공해야만 한다.",9.8
244,대치동 일타강사, JP You/송예슬,"드라마, 학원, 선생님",다음 웹툰,"스승으로 모시기에 좀 애매한 그들, 강남 학원가를 주름잡는 일타강사에 도전하다",9.5
245,시동, 조금산,"드라마, 코믹, 가출",다음 웹툰,가출청소년의 어설픈 세상 적응기,9.9
246,남은 고양이, 김경,"드라마, 순정, 반려동물",다음 웹툰,남은 고양이의 임무는 '내 인간이 나 없이도 튼튼하게 지내도록 만드는 것!',9.9
247,더블랙LABEL, 김태희,"스릴러, 드라마, 권력",다음 웹툰,굴지의 대기업 내 범죄조직 BLACK LABEL. 구성원 대부분이 여성인 그 곳에서 벌어지는 여성 느와르,9.9
248,뿔, 팀 샐러드레씽,"판타지, 액션, 도깨비",다음 웹툰,"귀신을 보는 소녀, 어느 날 진짜 도깨비를 만나다!",9.5
249,카운터, 그리다즈/구나,"학원, 액션, 격투",다음 웹툰,고통스러운 기억과 현실에서 벗어나기 위한 차정은과 차혜리의 고군분투,8.8
250,N번째 연애, 율로,"순정, 드라마, 연애",다음 웹툰,몇번의 연애를 거쳐야 인연이 나타날까? 청춘 끝자락에서 진정한 사랑을 찾아가는 이야기,9.9
251,젠틀한 야수, 구리,"순정, 코믹, 병맛",다음 웹툰,명문 순정고등학교에 전학 온 양순호. 그리고 전학 첫 날! 이 학교엔 정상인이 없다!?,9.8
252,보통사이, 우현,"드라마, 순정, 연애",다음 웹툰,별거 아닌 말 한마디에서 시작됐다.,9.8
253,단지, 단지,"드라마, 일상, 공감",다음 웹툰,"'깨물어서 아프지 않은 손가락은 없다'는 거짓말이다. 나는 '단지', 잘린 손가락. ",9.8
254,0.0MHz, 장작,"공포, 괴담, 심령현상",다음 웹툰,심령현상을 과학적으로 밝히려는 위험한 발상의 사람들,9.7
255,어쩌다 발견한 7월, 무류,"순정, 판타지, 첫사랑",다음 웹툰,할 수 있는 게 이것 밖에 없었어. 단지 너를 만나러 가는 것.,9.9
256,너도 나랑, 석영,"순정, 드라마, 썸",다음 웹툰,고민투성이인 나에게 가장 큰 고민이 피자 vs 치킨?! ,9.9
257,1호선, 이은재,"공포, 스릴러, 좀비",다음 웹툰,"5회 다음공모전 대상작. 폐허가 된 서울, 그녀를 찾기 위해 1호선을 따라 걷는다",9.5
258,다정한 겨울, 이준,"드라마, 순정, 성장드라마",다음 웹툰,자라지 못하는 두 아이의 조금은 특별한 겨울나기,9.7
259,태양의 시, 목인,"판타지, 드라마, 신화",다음 웹툰,그토록 찬란했던 태양빛도 영원할 순 없었다. 그리고 남은 건…,9.9
260,그놈의 스캔들, 동남/하나,"드라마, 순정, 결혼생활",다음 웹툰,"사고뭉치 배우 지강혁과 톱스타 유제아, 그들이 선택한 결혼은?",9.8
261,허세남길들이기, 현마담,"코믹, 드라마, 첫사랑",다음 웹툰,"좋은 차, 좋은 집.. 모든 게 다 있는데, 정작 내 옆엔 네가 없네. 헤어진 여친을 그리워하는 성공한 찌질남의 이야기",8.6
262,햄스터와 그녀, jaw,"공포, 스릴러, 스토커",다음 웹툰,대학생 민규는 햄스터를 들고 다니는 이상한 여자와 엮이게 되면서 악몽 같은 일상을 겪게 되는데...,9.7
263,먼 트리트먼트, 종수,"드라마, 판타지, 귀신",다음 웹툰,백여 년 전 사라진 신을 찾아 헤매는 무당과 영들의 숨겨진 이야기,9.7
264,말괄량이 길들이기, 비아이,"드라마, 순정, 중세",다음 웹툰,카사노바 페트루키오는 까칠한 미녀 카트리나를 유혹해달라는 의뢰를 받는데?,9.8
265,이웃잔혹사, 신영,"스릴러, 드라마, 범죄",다음 웹툰,복권 당첨금을 둘러싸고 이웃 간에 벌어지는 잔혹드라마,9.7
266,생부, 김종훈,"판타지, 성인, 역사",다음 웹툰,조선초 단종복위운동을 배경으로 한 하드코어 액션사극. Daum만화공모대전 대상작,9.9
267,미래의 시간, 비둘기,"드라마, 스릴러, 다중인격",다음 웹툰,어느날 나도 모르게 나의 과거가 바뀌고 있다. 만화공모대전3 대상 수상작,9.7
268,빛나는 손을, 강은영,"순정, 판타지, 초능력",다음 웹툰,혼자에서 우리가 되기 위해 세상으로 뛰쳐 나온 한 소녀의 이야기,9.9
269,그래도 되는가, 우다,"드라마, 순정, 가족",다음 웹툰,"우리 가족을 괴롭히는 진상 친척들, 그래도 되는가? 만화공모대전2 대상 수상작",9.7
270,포 더 프린세스, TB,"순정, 드라마, 첫사랑",다음 웹툰,이루어지지 않았던 첫사랑을 테마파크 공연단의 파트너로 다시 만나는 동화같은 로맨스,9.9
271,"안녕, 엄마", 김인정,"드라마, 순정, 가족",다음 웹툰,엄마가 떠났고 엄마를 만났다. 가깝고도 먼 우리의 이별 이야기,10.0
272,사생, 엄세윤/도달,"스릴러, 드라마, 아이돌",다음 웹툰,"매일 사생팬들에게 시달리던 가수 ‘더키’, 어느 날 돌이킬 수 없는 사건에 휘말린다.",9.9
273,발자국이 녹기 전에, 서결,"드라마, 순정, 연애",다음 웹툰,"가상의 조선, 세상에 의한 아픔을 가진 사람들의 사랑 이야기",9.9
274,아귀, 디디,"공포, 미스터리, 돌연변이",다음 웹툰,스스로 지옥에 들어가버린 남자 4회 Daum 공모전 대상 수상작!,9.8
275,환상숲, 고동동,"판타지, 미스터리, 망상",다음 웹툰,"환상들이 모여서 이루어진 숲 환상숲, 그곳에서 벌어지는 신비한 사건들",9.7
276,아쿠아맨, 맥퀸스튜디오,"드라마, 순정, 솔로",다음 웹툰,누군가 내 연애를 자꾸 방해한다! 그게 내 친구라면? 신나루의 모태솔로 해방기!,9.9
277,지배, 박태현,"스릴러, 액션, 소름",다음 웹툰,누군가 우리 집을 지켜보고 있다! 미스테리한 존재에게 대항하는 인간들의 싸움,9.8
278,죽어도 좋아♡, 골드키위새,"순정, 드라마, 짝사랑",다음 웹툰,이루다 주임의 미중년 상사 백 과장. 이 둘 사이에 생긴 묘한 사건,9.8
279,우리 남매의 일상은, 손달섭,"코믹, 일상, 남매",다음 웹툰,대한민국 어디에나 있을법한 남매들의 화려한 일상!,9.1
280,무능력자, 비둘기,"드라마, 순정, 초능력",다음 웹툰,초능력을 잃어버린 남자와 까칠한 시골 여자의 좌충우돌 동거 로맨스,9.9
281,우두커니, 심우도,"드라마, 가족, 부부",다음 웹툰,"어느 날, 아버지에게 치매가 왔다.",10.0
282,홍도, s_owl,"판타지, 무협, 신화",다음 웹툰,동양 판타지. Daum 온라인 만화공모대전 우수상 수상작,9.9
283,박살소녀, 이원식/민홍,"학원, 순정, 퇴마",다음 웹툰,괴물도 때려잡는 최강소녀가 소년을 만났을 때,9.8
284,빈둥빈둥 환타스틱 유럽 여행기, 김환타,"일상, 코믹, 여행",다음 웹툰,유럽 3개국을 '빈둥빈둥' 여행한 작가의 좌충우돌 여행기,9.9
285,20세 보고서, YSE,"드라마, 학교생활, 친구",다음 웹툰,이제 막 성인이 된 초보 20세들의 이야기,9.8
286,티라레, 홍성수,"드라마, 판타지, 기억",다음 웹툰,재벌 3세 상속녀 '도도혜'. 어느 날 갑자기 찾아온 '기이한 고통'으로 그녀의 인생은 뒤틀린다!,9.9
287,크리스마스는 쨈과 함께, 루시드,"판타지, 드라마, 악마",다음 웹툰,"'개'로 추방된 악마 제임스, 다시 악마로 돌아가려면 사랑하는 주인을 죽여야 한다?!",9.9
288,어제 오늘 그리고 내일, 백두부,"코믹, 일상, 생활툰",다음 웹툰,하얗고 찰지구나~  감수성 남다른 두부의 깨알 디테일 라이프,9.8
289,언더그라운드 블러드팩, OZi,"액션, 메카닉, 지구멸망",다음 웹툰,"3년 간 생존, 100번의 임무수행… 살아남는다면 가족을 살릴 수 있다.",9.8
290,오랑캐, 봉수,"무협, 판타지, 무림",다음 웹툰,무림 고수를 사칭하는 무림 초짜의 이야기,9.3
291,고양이 마마님, 마루,"순정, 판타지, 전생",다음 웹툰,지금의 당신에게 소중한 시간은 언제인가요? 300년만에 다시 시작된 인연과 악연의 굴레.,9.9
292,고등패왕전기, 이충호,"액션, 격투, 배틀",다음 웹툰,‘전설적인 무신’ 항우와 ‘왕따 소년’ 유민의 힘겨운 공생과 투쟁! 그리고 사랑의 이야기!,9.2
293,의 밤은 당신의 낮보다 아름답다, 한동우/병수씨,"스릴러, 성인, 현실반영",다음 웹툰,실제사건을 모티브로 대한민국 권력의 실체를 파헤친다!,8.1
294,영웅의 변수, 정종수,"판타지, 드라마, 히어로",다음 웹툰,슈퍼히어로를 동경하던 시골청년. 꿈을 이루다!,9.9
295,찮은 관계, 김인정,"순정, 성인, 연애",다음 웹툰,"남부럽지 않은 연애 중인 고지원, 그녀에겐 부끄러운 고민이 있는데...",9.9
296,하면 좋습니까?, 미깡,"일상, 드라마, 여자들",다음 웹툰,"결혼 해, 말아? 오늘도 골치 아픈 30대 언니들의 통렬한 수다.",9.7
297,삐꾸래봉, 마영신,"드라마, 왕따, 일진",다음 웹툰,새끼손가락이 굽어서 왕따를 당하는 래봉이와  친구 은철이의 우정과 배려를 담은 이야기!,9.9
298,첫사랑은 죽었다, 곽인근,"드라마, 순정, 첫사랑",다음 웹툰,위기에 빠진 첫사랑을 구하라!!,7.8
299,에스키스, 정썸머,"순정, 드라마, 첫사랑",다음 웹툰,"여자가 싫은 미대생 '정시인', 그에게도 사랑이 찾아올까?",9.9
300,오만상과 편견, 유현숙,"드라마, 순정, 연애",다음 웹툰,매 순간마다 오해와 편견으로 부딪히는 남녀의 로맨스!,9.8
301,도, 강태경,"스릴러, 성인, 폭력",다음 웹툰,"들개들, 벼랑 끝에서 아귀떼를 만나다.",9.7
302,이끼, 윤태호,"스릴러, 권력, 농촌",다음 웹툰,"나를 거부하는 고향 사람들의 시선, 그 이유는? 한국식 잔혹스릴러의 막이 올랐다!",9.9
303,익명의 독서중독자들, 이창현/유희,"지식, 코믹, 독서",다음 웹툰,"""들고 읽어라!""",9.9
304,어쿠스틱 라이프, 난다,"코믹, 일상, 결혼생활",다음 웹툰,알콩달콩 공감백배 생활 만담 에피소드 만화!,9.7
305,놈들의 도시, 유들/라떼,"액션, 드라마, 모험",다음 웹툰,지구 상 모든 여성이 사라졌다! 인류의 유일한 여성 ‘나오’가 남성만 있는 도시에서 무사히 살아남을 수 있을까?,9.9
306,스킬, 와자,"드라마, 학원, 성장드라마",다음 웹툰,어디서든 최고가 되고 싶은 문제아 진우의 기술학교 정복기. ,9.7
307,화자, 홍작가,"미스터리, 공포, 현실반영",다음 웹툰,"도로시 밴드 이후 4년, 홍작가가 선보이는 화제의 신작!",9.8
308,그림형제 잔혹동화, Crom,"스릴러, 드라마, 괴담",다음 웹툰,아름다운 그림형제의 동화 속 이야기들. 그 동화의 잔혹한 비밀이 공개된다!,9.5
309,은밀하게 위대하게, Hun,"액션, 간첩, 북한",다음 웹툰,"천재 남파 간첩, 그의 임무는 동네 바보형?",9.8
310,단지 그것 뿐, 김용회,"드라마, 가족, 감동",다음 웹툰,17세 딸이 자기 딸이 아니란 것을 알게된 아빠와 딸의 가슴 따뜻한 좌충우돌 홈드라마~!,9.7
311,다시피는 꽃, 김용회,"드라마, 추억, 감동",다음 웹툰,"나이를 먹던, 먹지 않았던 누구나 자신만의 이야기가 있다. 위안부 할머니들의 애틋하고 슬픈 이야기",9.9
312,트리니티 원더, 전극진/박진환,"판타지, 액션, 무림",다음 웹툰,무협세계 최강고수와 판타지 세계 천재 마법사가 만난다면? 브레이커 두 작가의 신작!,9.7
313,피그말리온 컴플렉스, 문미영,"학원, 순정, 학교생활",다음 웹툰,금수저 학교에 잠입한 고아 소매치기 소녀의 삼단변신(?)이 시작된다!,9.6
314,오늘의 초능력, WONDER,"코믹, 판타지, 초능력",다음 웹툰,이딴 초능력 필요 없어! 매일매일 새로운 초능력을 얻는 소녀의 예측불허 코미디가 펼쳐진다!,9.8
315,골든왈츠, 세라,"순정, 드라마, 성장드라마",다음 웹툰,홍주와 해성이의 사랑하고 성장하는 아이스댄싱의 기적,9.9
316,The 윷놀리스트, 김라무,"드라마, 스포츠, 병맛",다음 웹툰,"윷놀이, 올림픽 정식 종목이 되다? 윷판을 지배하는 자만이 윷놀리스트가 될 수 있다! <만화공모대전3> 장려상 수상작",9.8
317,개밥도토리, 호형/망기,"드라마, 코믹, 강아지",다음 웹툰,갑자기 개가 된 조영수. 개인 듯 개 아닌 개 같은 그의 이야기.,9.9
318,벨트 위 벨트 아래, 마영신,"코믹, 드라마, 남자",다음 웹툰,"90년대 후반, 이태원과 한남동에서 잊을 수 없는 가슴 아픈 첫 사랑이 새겨진다.",9.6
319,곱게 자란 자식, 이무기,"드라마, 역사, 일본군",다음 웹툰,평범한 시골 소녀 이야기. .소녀만 평범한 그런 잔인한 이야기,9.9
320,토리의 아들, 호르자/영광,"성인, 스릴러, 중세",다음 웹툰,"가장 고귀한 여인의 감춰야만 하는 비밀, 가상의 유럽을 배경으로 펼쳐지는 서스펜스 드라마",9.9
321,엄마들, 마영신,"드라마, 엄마, 가족",다음 웹툰,"차라리 모르고 싶은 엄마들의 연애, 노동, 목소리",9.8
322,TEN, 이은재,"학원, 액션, 일진",다음 웹툰,지옥을 벗어나고 싶다면 10명 안에 들어야 한다.,9.8
323,미생, 윤태호,"드라마, 직장생활, 사회초년생",다음 웹툰,자신의 삶을 승리하기 위해 한 수 한 수 돌을 잇는 사람들의 이야기,9.8
324,연애싫어, 이겨울,"학원, 코믹, 연애",다음 웹툰,연애를 싫어하는 여고생 하연실에게 일어나는 다양한 일상 공감 코믹연애물!,9.9
325,가슴도 리콜이 되나요, 아실,"순정, 판타지, 연애",다음 웹툰,진정한 사랑을 쟁취하기 위한 나유빈의 연애 이야기,9.7
326,가내수공업 Ent., 참치캔,"순정, 아이돌, 꽃미남",다음 웹툰,"B급 섹시 아이돌 병풍 멤버, 하영과 너무나도 눈에 띄는 숨은 조력자들의 '하영이 꽃길 걷기 프로젝트!",9.8
327,도깨비훈장, 박혜림,"드라마, 도깨비, 귀신",다음 웹툰,"낯선 섬, 제주도에서 만난 도깨비들이 자꾸만 나를 쫓아온다.",9.9
328,구리의 구리구리, 구리,"코믹, 일상, 생활툰",다음 웹툰,논픽션 좌충우돌 구리의 구리구리한 일상툰,10.0
329,초상화, 정이나,"순정, 드라마, 사랑",다음 웹툰,"18세기 유럽, 헬리는 스승을 대신하여 백작가문에서 딸의 초상화를 그리게 되는데..",9.9
330,19세기말 비망록, 조부경/DUNDUN,"순정, 스릴러, 역사",다음 웹툰,"종교와 과학이 격돌하는 19세기 말 영국, 릴리안과 낯선 오라버니의 금단의 사랑",9.9
331,아수라발발타, 현마담,"드라마, 코믹, 무당",다음 웹툰,본의 아니게(?) 신내림을 받은 한 남자의 미스터리 이야기,9.4
332,공대에는 아름이가 없다, 라라시스터,"드라마, 순정, 코믹, 대학생",다음 웹툰,공대 아름이들의 좌충우돌 캠퍼스 라이프!,8.9
333,가랑가랑, 이이영,"순정, 드라마, 첫사랑",다음 웹툰,우리에게 선택은 언제나 어려운 일이었다.,9.9
334,혼자를 기르는 법, 김정연,"일상, 혼자, 비판적",다음 웹툰,스스로를 돌보기도 힘든 내가 과연 잘 할 수 있을까?,9.9
335,두번째 집, 우현,"드라마, 가족, 설렘",다음 웹툰,우리 집은 이런 집이 될 수 없다,9.9
336,매생이가 나타났다, 오청,"코믹, 순정, 꽃미남",다음 웹툰,연애만 빼고 다 잘하는 여대생 도형에게 들이닥친 초록색 그것(?)과의 파란만장 하숙 생활. 만화공모대전3 우수상 수상작,9.9
337,이쇼핑, 엄세윤/류가명,"스릴러, 드라마, 복수",다음 웹툰,"부모에게 살해당한 아이들, 그들의 복수가 시작된다.",9.8
338,어른의 취미, 장어진,"드라마, 성장드라마, 빚",다음 웹툰,장난감 밖에 모르는 26세 재벌백수 상수의 성장 드라마,9.6
339,금빛도깨비 쿠비, 김성주,"판타지, 모험, 동화",다음 웹툰,"사라진 엄마를 찾아 떠난 소녀가 만난 놀라운 세계, 그리고 어디서도 보지 못한 도깨비들의 비밀은?",9.9
340,옥탑의 전설, 우주용,"순정, 코믹, 드라마, 연애",다음 웹툰,"다운vs옥탑, 극한의 자취방 생존기! 저 그냥, OO하게 해주세요!!",9.9
341,대새녀의 메이크업 이야기, 여은,"지식, 순정, 메이크업",다음 웹툰,화장 못한다고 까인 새내기 김경아의 두근두근 로맨스+메이크업 이야기!,9.6
342,가딩 : 그녀는 나의 웬수, BUDDY,"코믹, 판타지, 수호자",다음 웹툰,14살 때 죽은 친구가 수호신이 되어 연애를 방해한다? 다사다난한 모태솔로 탈출 이야기,7.8
343,실, 보리,"순정, 인연, 조선시대",다음 웹툰,"'다시 돌아가는 거야, 당신에게로!'",9.9
344,브릿지, 강풀,"액션, 드라마, 초능력",다음 웹툰,강풀 액션만화 두번째 시즌 '브릿지'. 한국형 히어로들의 이야기는 아직 끝나지 않았다!,9.9
345,월령관 살인사건, 마하로/곡,"스릴러, 드라마, 살인사건",다음 웹툰,"100여 년 전, 의문의 살인사건이 벌어졌던 낡은 서양식 저택에서 또 다시 사건이 일어난다!",9.9
346,게임회사 여직원들, 마시멜,"일상, 직장생활, 개발",다음 웹툰,게임을 만드는 여직원들의 게임같은 이야기,9.6
347,사랑스러운 복희씨, 김인정,"순정, 드라마, 짝사랑",다음 웹툰,언젠가는 이 사랑이 이루어질까요? 조금은 서투른 그들의 짝사랑 탈출기,9.9
348,풍뎅이뎅이, 주니쿵,"일상, 코믹, 힐링",다음 웹툰,저를 봐도 밟지마세요! 그냥 풍뎅이일 뿐이니까요!,9.7
349,더스크 하울러, 태선/크루,"판타지, 게임, 가상현실",다음 웹툰,밸런스 막장으로 소문난 게임 '트리키아'! 인간 종족의 이단아가 되어 암흑 진영을 지배한다!,9.6
350,택의 주인, 디디,"스릴러, 성인, 서스펜스",다음 웹툰,외딴섬의 저택. 아이들이 찾아오고 저택의 분위기는 급변하게 된다.,9.6
351,무장, 김철현 ,"무협, 판타지, 무장",다음 웹툰,"고려 무신정권, 노비에서 무장으로 다시 태어난 영웅!",9.7
352,살아말아, 고은,"순정, 판타지, 연애",다음 웹툰,"사랑 없는 결혼 생활에 지친 노부부, 다시 그 때로 돌아간다면?",9.9
353,퀴벌레, 조금산,"스릴러, 성인, 복수",다음 웹툰,생존에 최적화된 바퀴벌레처럼,9.7
354,인천상륙작전, 윤태호,"드라마, 현대사, 정치",다음 웹툰,해방에서 한국전쟁까지. 격동기를 살아간 사람들의 이야기,9.9
355,고교대장부, 김도헌,"코믹, 학원, 고등학생",다음 웹툰,왕년에 주먹 좀 날리던 그가 돌아왔다?,7.7
356,아띠아띠, 쵸밥,"일상, 힐링, 동물",다음 웹툰,너는 나를 얼만큼 사랑하니?,9.9
357,퍼펙트 게임, 장이,"스포츠, 야구, 감동",다음 웹툰,"치열한 직장인의 삶과 야구인으로서의 삶, 대한민국 최초의 사회인 야구만화 <퍼펙트 게임>",9.9
358,애완견의 법칙, 이현성/도담,"순정, 드라마, 연애",다음 웹툰,"사랑에 치이고, 일에 치이고, 가족에게까지 치여 지친 태령에게 찾아온 애완견 같은 우준.",9.8
359,일진의 크기, 윤필/주명,"학원, 드라마, 일진",다음 웹툰,"화제의 작품 <일진의 크기>그 마지막 이야기, 파이널!",9.6
360,썸머드림, 복숭아,"스포츠, 드라마, 탁구",다음 웹툰,"남들과 조금 다른, 그렇기에 더 특별한 한 소년의 성장기",9.3
361,마샬아츠, 강지윤,"스포츠, 액션, 권투",다음 웹툰,부산에서 전학 온 문제아 황민도가 종합격투기에 도전하는 청춘 열혈 스포츠 만화! ,7.7
362,랫츠, 고래우,"드라마, 미스터리, 사건사고",다음 웹툰,"우리 곁을 둘러싼 수많은 사건 사고들, 나는 얼만큼 무뎌져 있는가?",9.8
363,로렌스를 구해줘, 강형규,"드라마, 재벌, 갑질",다음 웹툰,재벌들이 향락을 즐기는 연회장. 우리는 그 곳에서 일한다.,9.9
364,아 지갑놓고나왔다, 미역의효능,"드라마, 영혼, 감동",다음 웹툰,"<2017 오늘의 우리만화> 수상작. 엄마와 딸, 죽음 이후 두 사람이 살아가는 이야기",9.9
365,못 잡아먹어 안달, 센개,"일상, 코믹, 남매",다음 웹툰,쌍둥이 남매의 대수롭지 않은 일상,9.9
366,에비츄, EBICHU,"코믹, 반려동물, 동물",다음 웹툰,까망베르 치즈와 아이스크림을 좋아하는 에비츄의 소소한(?) 이야기,9.6
367,Dr.브레인, 홍작가,"스릴러, 미스터리, 추리",다음 웹툰,천재적인 뇌과학자가 죽은 사람의 뇌에 접속하며 겪게되는 사건들,9.9
368,트레져헌터3, 허견,"액션, 판타지, 격투",다음 웹툰,"연단술사와 연금술사의 전쟁, 트레져헌터 최종장 오픈!",9.7
369,술꾼도시처녀들, 미깡,"일상, 음식, 술",다음 웹툰,술꾼들을 위한 본격 음주 일상툰. (경고 : 지나친 음주는 건강을 해칠 수 있습니다),9.7
370,부암동 복수자 소셜클럽, 사자토끼,"드라마, 가족, 복수",다음 웹툰,평범한 세 여자의 특별한 복수. Daum 온라인 만화공모대전 장려상 수상,9.9
371,빅토리아처럼 감아차라, 이창현/유희,"코믹, 스포츠, 축구",다음 웹툰,"축구계의 방랑자, 구연산. 위기에 처한 A대표팀의 구세주로 등극할 것인가!",9.6
372,아스팔트 정원, 이원진,"순정, 연애, 대학생",다음 웹툰,예전의 지위를 되찾기 위해 분투하는 소녀의 이야기,5.1
373,조상님이 돌아왔다, WONDER,"판타지, 드라마, 퇴마",다음 웹툰,실수로 조상님을 불러냈다. 이 분을 무사히 돌려보내려면..?!,9.9
374,신시, 정은숙,"액션, 판타지, 신화",다음 웹툰,12개의 시간으로 세상을 지배하는 십이지신. 동물 신들의 버라이어티한 배틀!,9.8
375,작약만가 : 서리꽃, 인토르노,"스릴러, 판타지, 욕망",다음 웹툰,"후궁이라는 미명 하에 칼을 두른 여인들, 탐욕과 공포 아래 나는 이 황궁에서 살아남을 수 있을까? 만화공모대전3 최우수 수상작",9.9
376,19년 뽀삐, 마영신,"드라마, 반려동물, 강아지",다음 웹툰,장발머리 병걸이 곁엔 뽀삐가 언제나 함께 있다,9.8
377,세자전, 정이리이리,"코믹, 역사, 왕자",다음 웹툰,천운을 타고난 귀한집 자식. 조선시대 세자들의 치열한 경쟁!,9.7
378,그놈은 여고생, 백영민,"코믹, 여장남자, 고등학생",다음 웹툰,'최강'이라 불린 고등학생 최강배. 그가 치마를 입고 여학생이 된 이유는? ,9.6
379,페이머스맨, 유비,"드라마, 댄스, 열정",다음 웹툰,"뺑뺑이 안경에 존재감 없는 아이 유명인, 그가 무대에 오른다.",9.5
380,"회색 방, 소녀", 봉봉,"미스터리, 드라마, 살인사건",다음 웹툰,"이름 없는 소녀의 삶과 죽음, 버림받은 아이들의 비극에 관하여…",9.8
381,소년 가라사대, 민홍,"드라마, 첫사랑, 고등학생",다음 웹툰,"소년, 소녀를 만나다.. 그리고 그들은 친구가 될까 아니면 첫 사랑이 될까",9.8
382,밤의 베란다, 이제,"순정, 연애, 고등학생",다음 웹툰,너도 나처럼 끊임 없이 절망하고 괴로워 했으면 좋겠어 날 이해 할 수 있게..,9.8
383,부탁해요 이별귀, 동남/하나,"판타지, 순정, 연애",다음 웹툰,연인들의 이별을 관장하는 귀신들의 특별한 커플 브레이킹! 과연 성공할 수 있을까?,9.8
384,웰컴 투 고스트시티, 유들/라떼,"드라마, 판타지, 괴담",다음 웹툰,서울시 귀신특별자치구로 파견된 엘리트 공무원의 임무수행기!,9.7
385,캐셔로, team befar,"드라마, 코믹, 가난",다음 웹툰,"<2017 오늘의 우리만화> 수상작. 정말로 '돈이 곧 힘'이지만, 그러던가 말던가 빈곤한 두 남매 이야기",9.1
386,오빠의 향기, 복슬,"드라마, 순정, 짝사랑",다음 웹툰,오빠와 나는 3살 차이. 그런데 왜 이렇게 어른처럼 보이는 걸까?,9.7
387,하푸하푸, 꿀때징,"코믹, 일상, 병맛",다음 웹툰,"애교가 부족할때 보세요, 혀가 짧아지는 만화 ",9.2
388,국민사형투표, 엄세윤/정이품,"스릴러, 사형, 형사",다음 웹툰,어느 날 당신에게 도착한 국민사형투표 문자. 당신의 선택은?,9.8
389,던전오브다단계, 서자희가/데몬제이,"지식, 사건사고, 진실",다음 웹툰,교묘하게 벌어지는 어떤 악몽같은 일에 대하여..,9.6
390,우리 집에 사는 남자, 유현숙,"드라마, 가족, 동거",다음 웹툰,"드라마 이웃집 꽃미남, 호구의 사랑 원작자 유현숙 작가의 신작",9.6
391,죽어 마땅한 자, 지뚱,"스릴러, 저주, 학교생활",다음 웹툰,내게 들려오는 소리... XX 인간은 벌을 받아야 한다.,9.4
392,양말도깨비, 만물상,"판타지, 순정, 동화",다음 웹툰,양말이 한짝씩만 사라지나요? 당신의 집에도 도깨비가 있을지 몰라요~,9.9
393,생존인간, 디디,"공포, 스릴러, 살인사건",다음 웹툰,학교는 나의 유일한 안식처였다. '그것'이 나타나기 전까지... ,9.7
394,청춘극장, 이은재,"드라마, 청춘, 꿈",다음 웹툰,"""누구나 청춘을 산다."" 다양한 장르의 이야기를 통해 본 청춘 드라마",9.9
395,오버 스팀, 유동혁/서윤교,"판타지, 액션, 전투",다음 웹툰,"궁극의 에너지원 '드라칸', 그리고 이를 둘러싼 처절한 제국전쟁!",9.2
396,장기대출, GAR2,"미스터리, 스릴러, 돈",다음 웹툰,인간의 장기를 대출할 수 있다면 어떻게 될까?,8.6
397,스타캣의 힐링툰, 고동동/박정아,"일상, 힐링, 감성",다음 웹툰,지친 당신을 스타캣이 살포시 안아드릴게요.,9.5
398,달세즈, 세라,"판타지, 순정, 마법",다음 웹툰,"빛을 지닌 소년의 이야기, 4월 웹툰리그 당선작",9.7
399,아메리칸 유령잭, 한지혜/안정은,"공포, 순정, 괴담",다음 웹툰,세상에서 가장 오싹한 유령 잭 하우스에귀신의 집 딸 마고은이 도전한다!,9.8
400,무(武)림수사대2, 이충호,"판타지, 무협, 무술",다음 웹툰,강호의 운명을 건 사투! 무림수사대 두번째 시즌 무황재림,8.5
401,꽃드림, 팀 샐러드레씽,"액션, 판타지, 모험",다음 웹툰,"전쟁과 사막화로 황폐화된 근미래, 하지만 그곳에도 꽃집은 있었다!",9.6
402,타고난 사람들, 맥퀸스튜디오,"순정, 드라마, 초능력",다음 웹툰,"돈은 안 되지만, 살기엔 편한 무엇을 타고난 사람들~",9.6
403,점핑걸, 마하로/우주용,"순정, 연애, 연예인",다음 웹툰,"XX녀, 현대판 마녀사냥을 당한 그녀들의 엽기발랄 생존기",9.6
404,친구엄마, 최호진,"드라마, 가족, 고등학생",다음 웹툰,"나는 좋은 딸이 될 수 있어, 너보다 더..",8.5
405,조난! 에로로, 라라시스터,"코믹, 조난, 서바이벌",다음 웹툰,때로는 당황스럽게 때로는 흥분되게 영원히 곁에 있어줄 저돌적인 그가 옵니다.,9.8
406,귀신, 장작,"공포, 괴담, 일제강점기",다음 웹툰,1924년 북한산. 신이 되고자 했던 그 것은 그 날 죽어야 했다,9.7
407,셜록 : 여왕폐하의 탐정 2, 고경오/곡,"탐정, 판타지, 추리",다음 웹툰,세계적인 명화가 도난당했다! 홈즈의 형님이 마피아와 분투하는  홈즈와 왓슨을 돕다,9.6
408,묘진전, 젤리빈,"판타지, 신화, 전설",다음 웹툰,"하늘로 돌아가고 싶은 남자, 묘진. 그와 얽힌 기묘한 이야기",9.9
409,무빙, 강풀,"드라마, 액션, 초능력",다음 웹툰,남들이 모르는 비밀을 간직하고 있는 고등학생. 그리고 그 부모들의 이야기. 소년소녀들의 성장기.,9.8
410,들숨날숨, 와자,"판타지, 죽음, 능력자",다음 웹툰,죽음을 그리는 한 남자의 이야기,9.1
411,지하철도의 밤, 윤필,"일상, 드라마, 지하철",다음 웹툰,"서울의 중심 지하철 2호선, 매일 그곳을 방황하는 당신에 대한 이야기",9.6
412,파인, 윤태호,"드라마, 도굴, 바다",다음 웹툰,범죄자들을 모아 신안앞바다 보물을 도굴하려는 근면성실 악당 이야기,9.8
413,윤의 죄, 이림,"미스터리, 성인, 살인사건",다음 웹툰,"동급생을 죽인 소년, 그리고 소년을 추격하는 형사의 충격 스토리",9.8
414,연애가 제일 쉬웠어요, 참치캔,"순정, 코믹, 연애",다음 웹툰,말썽 피우면 호랑이한테 시집보낸다! 그 말 누가 믿냐고? 뒷산에 살던 호랑이가 믿죠,9.6
415,하숙집 도로시, 환상거북,"액션, 판타지, 동화",다음 웹툰,하숙집에 엉겨서 살게 된 동화 속 주인공들..제발 다시 돌아가줘~,9.7
416,왈퐈, 강형규,"드라마, 미스터리, 복수",다음 웹툰,그가 죽었다.. 그리고 시작된 시아버지와 며느리의 합작 복수극!,9.8
417,데미지 오버 타임, 선우훈,"공포, 좀비, 군인",다음 웹툰,괴생명체 출현으로 고립된 군부대. 집단을 꾸려 살아보려는 이들의 운명은?,8.8
418,관찰인간, 디디,"공포, 스릴러, 초자연",다음 웹툰,이사 온 옆집 남자가 수상하다. 아귀 작가 신작   ,9.8
419,PT맨 강코치, 박성철,"코믹, 지식, 헬스",다음 웹툰,"남자들이여, PT맨 강코치와 근육을 만들어봅시다.",9.2
420,나의 빛나는 세계, 마루,"순정, 연애, 대학생",다음 웹툰,사람이 두려운 한 소녀. 그리고 다가온 작은 빛. 피노키오 작가 신작,9.9
421,오늘은 자체 휴강, 계란계란,"코믹, 학원, 학교생활",다음 웹툰,게으른 자 함부로 욕하지 말라. 너는 누구에게 한 번도 게으른 적이 없었느냐~,9.7
422,에스탄시아 3, 팀 풍경,"판타지, 열차, 미래",다음 웹툰,"만화창작집단 풍경의 SF대작. 에스탄시아, 세번째 이야기!",8.7
423,브레이커2, 전극진/박진환,"무협, 액션, 무림",다음 웹툰,"대한민국 최고의 도시무협 액션, 그 두 번째 신화가 펼쳐진다!",9.3
424,늑대처럼 울어라, 이세형,"액션, 격투, 배틀",다음 웹툰,살기 위해 싸움을 선택한 남자들!,9.8
425,괴담콜렉터, 강산,"공포, 괴담, 움짤",다음 웹툰,돈 많은 사이코패스를 감동시킬만한 이야기는 무엇일까?,8.1
426,안녕! 바북아, 윤필,"일상, 힐링, 동물",다음 웹툰,"평생을 함께 할 수 있는 반려동물, 바북이 이야기",9.3
427,에이스 하이, 이창현/유희,"코믹, 판타지, 병맛",다음 웹툰,4년 만에 돌아온 J.J. 이번에는 출격할 것인가,9.8
428,상상고양이, 김경,"일상, 반려동물, 고양이",다음 웹툰,"인간과 고양이... 같은 상황, 다른 생각! 두둥!",9.9
429,그녀와 32분의 1, 오곡,"순정, 코믹, 학교생활",다음 웹툰,"설레는 마음으로 맡은 첫 담임, 그런데 우리 반은 뭔가 이상하다...?",9.9
430,지킬박사는 하이드씨, 이충호,"순정, 연애, 다중인격",다음 웹툰,지금까지와는 전혀 다른 이충호 스타일을 만나다!,8.1
431,호구의 사랑, 유현숙,"드라마, 순정, 연애",다음 웹툰,나는 지금 제대로 된 사랑을 하고 있을까?,9.7
432,순간, 김종진,"순정, 사랑, 감성",다음 웹툰,평범한 일상에서도 심장이 움직이는 순간이 있습니다. 그 순간을 기억하시나요?,9.8
433,괴물 같은 아이돌, 이원식/민홍,"순정, 연애, 꽃미남",다음 웹툰,"이 멋진 남자들, 괴물 같은 아이돌? 아이돌 같은 괴물?",9.7
434,이장본색, 지뚱,"판타지, 코믹, 배틀",다음 웹툰,파워농촌 대왕리에서 펼쳐지는 농력의 향연!!,9.5
435,연무, 김은경/변기현,"미스터리, 재난, 비밀",다음 웹툰,도시 전체가 숨죽인 화이트 아웃. 무조건 살아남아야한다. 삶은 계속되어야 한다.,9.8
436,PEAK, 홍성수/임강혁,"스포츠, 드라마, 산악구조대",다음 웹툰,이제껏 본적 없는 웰메이드 산악구조 액션!,9.8
437,개와 토끼의 주인, 이원진,"일상, 드라마, 반려동물",다음 웹툰,메트로놈 이원진 작가의 조금은 다른 반려동물 이야기,8.2
438,로봇이 상냥해, 꿀오뎅,"판타지, 순정, 로봇",다음 웹툰,"2085년 화성의 밤, 그녀를 지키려는자, 구하려는 자",9.6
439,거운 나의 집, 노대주,"성인, 미스터리, 생활툰",다음 웹툰,서울대 다니는 나태한의 개인 다큐,9.4
440,셜록 : 여왕폐하의 탐정 1, 고경오/zohan,"탐정, 판타지, 추리",다음 웹툰,19세기 가상의 국가에서 셜록 홈즈가 왓슨과 협력하여 각종 사건을 풀어나간다!,9.7
441,제비전, 고은,"순정, 판타지, 동화",다음 웹툰,"까칠한 흥부와 왕자병 놀부, 두 형제 사이에 낀 제비의 험난한 은혜 갚기!",9.8
442,아네미아, 홍작가,"공포, 미스터리, 뱀파이어",다음 웹툰,피가 모자란 사람들에 관한 4가지 단편 옴니버스,9.8
443,여행해도 똑같네, 캐러멜,"코믹, 일상, 여행",다음 웹툰,"캐러멜, 네온비 부부 동구와 자동차 여행을 떠나다!",9.4
444,루드비코의 만화일기, 루드비코,"코믹, 일상, 생활툰",다음 웹툰,작가 루드비코의 솔직한 이야기..일상툰은 이런 것이다!,9.8
445,마왕을 위한 동화, 김용환,"순정, 판타지, 마왕",다음 웹툰,"지위도 명예도 버렸다..하지만 상관없다, 너를 가질 수만 있다면",9.3
446,육갑 : 여섯개의 갑, 지뚱,"코믹, 판타지, 병맛",다음 웹툰,"여긴 어디? 난 누구? 6명의 기억상실자, 알고 보니 극강의 오감을 가졌다! ",9.1
447,포코알레그레토, 김용회,"드라마, 음악, 힐링",다음 웹툰,시립교향악단과 함께하는 따뜻한 음악 이야기,9.8
448,망치를 부수는 변호사, 엄세윤,"미스터리, 드라마, 추리",다음 웹툰,시골 다운타운에서 벌어지는 젊은 변호사의 미스테리 법정 드라마 ,9.6
449,쓸개, 강형규,"액션, 드라마, 돈",다음 웹툰,어느 날 내게 대단한게 생겼다..바로 순금 370kg!,9.8
450,명탐정 포우, 고동동,"미스터리, 탐정, 형사",다음 웹툰,풀리지 않는 사건의 실마리를 찾는 사설 탐정 사무소의 이야기,9.7
451,기세기세2, 진냥,"판타지, 학원, 배틀",다음 웹툰,기네스 세계기록 세우기! 기상천외한 그 두번째 이야기!,8.6
452,러브메이커, 정종수,"순정, 판타지, 연애",다음 웹툰,"12월, 눈 내리던 그날 밤 나는 큐피트를 만났다. 4회 다음공모전 최우수상작",9.8
453,더 퀸 : 침묵의 교실, 김인정,"스릴러, 학원, 일진",다음 웹툰,"여왕이 지배하는 교실, 우리는 정말 평등하기를 바라는가",9.6
454,탐묘인간, soon,"일상, 드라마, 반려동물",다음 웹툰,고양이의 모든 것이 사랑스러워..당신도 나와 같은가요?,9.8
455,외발로 살다, 네스티캣,"무협, 무장, 조선시대",다음 웹툰,"각자의 삶을 건 싸움, 처절한 복수가 시작된다!",9.7
456,마녀, 강풀,"미스터리, 순정, 연애",다음 웹툰,마녀라 불리는 여자를 사랑한 남자의 이야기,9.7
457,십이야, 무류,"순정, 판타지, 연애",다음 웹툰,우리는 누구를 사랑했을까? 가국에서 펼쳐지는 판타지 로맨스,9.9
458,9교시엔  XOXO, 박성철,"순정, 판타지, 타임슬립",다음 웹툰,얼짱 여교사한테 날마다 들이대는 뺀질이 중딩. 이 녀석한테도 나름 사정이 있다는데,8.7
459,저스트 원 샷, 김예린/장유라,"미스터리, 돈, 범죄",다음 웹툰,인생의 한 방! 복권 당첨자의 운명을 건 잔인한 배팅!,9.4
460,인기 있는 남자, 최호진,"드라마, 욕망, 인기",다음 웹툰,모든 여자들이 선택받으려 줄을 서는 그런 남자만 될 수 있다면,9.0
461,폐어, 최민호,"순정, 연애, 물고기",다음 웹툰,"깊은 상처, 이대로 사랑해도 되는 걸까?",9.5
462,수사전, 팀 풍경,"판타지, 추리, 형사",다음 웹툰,광무 5년 대한제국을 배경으로한 본격 정치 수사극!,9.8
463,가우시안 블러, 박시인,"드라마, 연애, 성장드라마",다음 웹툰,뿌연 안개같은 청춘을 살아가는 19살 소년소녀의 비밀 스토리,9.7
464,동, 장이,"미스터리, 스릴러, 살인사건",다음 웹툰,"살인자와 목격자, 그들이 벌이는 치열한 생존게임!",9.4
465,결혼해도 똑같네, 네온비,"코믹, 일상, 결혼생활",다음 웹툰,"만화가 네온비, 캐러멜 부부 탄생! 그리고 이어지는 충격 개그 신화!",9.7
466,지옥철, 고동동,"공포, 미스터리, 살인사건",다음 웹툰,익숙한 것에 대한 극도의 공포감!.. 지하철에서 일어나는 기이한 사건의 정체는?,9.0
467,우리집 새새끼, 골드키위새,"일상, 코믹, 반려동물",다음 웹툰,문조 두 마리와 골드키위새 작가가 엮어가는 새판 이야기,9.7
468,안되는 건 안되는 거다, 홍작가,"미스터리, 판타지, 초자연",다음 웹툰,"기억을 잃은 소년, 해결사, 은둔작가..그들의 이상한 이야기",9.7
469,은밀하게 위대하게 : 슬럼버, Hun,"드라마, 액션, 간첩",다음 웹툰,은밀하고 위대했던 슬픈 혁명의 과거! 그들은 정말 무슨 생각을 했던걸까,9.7
470,검둥이 이야기, 윤필,"드라마, 힐링, 동물",다음 웹툰,흰둥이 윤필 작가가 그려내는 또 하나의 가슴 절절한 이야기,9.7
471,피노키오, 마루,"순정, 판타지, 연애",다음 웹툰,행복해지고 싶은 사람들과 한 소년의 행복찾기!,9.7
472,다이아몬드 더스트, 강형규,"드라마, 순정, 연애",다음 웹툰,'라스트' 강형규가 선보이는 흔하지 않은 사랑 이야기,9.6
473,헌티드 스쿨, 계란계란,"공포, 학원, 괴담",다음 웹툰,학원기이야담의 시초를 만나다..흥미진진 학교 괴담 사냥이 시작된다!,9.5
474,세상 밖으로, 조금산,"스릴러, 현실반영, 종교",다음 웹툰,동네 친구들의 뜻하지 못한 사건. 휘말려버리다.,9.7
475,커밍업!, 기선,"순정, 연예인, 아이돌",다음 웹툰,기선작가가 선보이는 본격 걸그룹 만들기 프로젝트!,9.4
476,돼지고기 동동, 조경규,"코믹, 음식, 가족",다음 웹툰,오동통한 네가 좋아..돼지고기의 치명적인 매력에 풍덩~,7.4
477,한여름밤의 꿈, 김용회,"드라마, 힐링, 시골",다음 웹툰,"숲, 소년 그리고 한여름의 꿈이 시작되는 순간의 이야기",9.8
478,루드비코의 만화영화, 루드비코,"일상, 코믹, 병맛",다음 웹툰,만화 작가 루드비코의 '영화로 보는 일상',9.7
479,"다시, 봄", 라라시스터,"드라마, 미스터리, 초자연",다음 웹툰,두 번 다시 안올 그날이 되돌아 오면 당신은 무엇을 할건가요?,9.7
480,언더시티, 쵸밥,"액션, 판타지, 게임",다음 웹툰,"가상현실의 도시, 언더시티에 오신 것을 환영합니다.",9.5
481,애썸, 김종진,"순정, 연애, 힐링",다음 웹툰,누구나 겪었을 법한 사랑과 소중한 만남에 대한 짧은 이야기,9.8
482,오세요 타로샵, 박강호,"지식, 드라마, 타로",다음 웹툰,국내최초 타로 실전 웹툰. 애매한 것에 대한 답이 여기에!,8.2
483,아코르, 마하로/이지영,"순정, 판타지, 연애",다음 웹툰,잔혹한 과거를 가진 이안과 신비한 소녀 네이가 만들어내는 가슴시린 성장동화 ,9.7
484,다이어터, 네온비/캐러멜,"코믹, 헬스, 음식",다음 웹툰,뚱뚱한 청춘은 가라! 캐러멜 작가가 선보이는 다이어트 백서!,9.7
485,나는 매일 그를 훔쳐본다, 유현숙,"순정, 연애, 짝사랑",다음 웹툰,훔쳐보기로 사랑을 시작해버린 극소심녀의 좌충우돌 연애담,9.6
486,레이어즈 아나키, 글피,"판타지, 액션, 초자연",다음 웹툰,"시공을 초월한 그 곳, 레이어를 둘러싼 학원감성액션",9.5
487,오! 마이 레이스, 배추도사무도사,"순정, 패션, 디자이너",다음 웹툰,"전쟁터와 같은 패션계, 레이스를 사랑하는 이 남자를 주목하라!",9.4
488,란의 공식, 양영순,"판타지, 학원, 복수",다음 웹툰,"'누들누드', '아색기가'의 양영순을 기억하는가? '1001'의 양영순을 기억하는가? ",9.6
489,코알랄라, yami ,"일상, 코믹, 음식",다음 웹툰,먹는게 즐거운 야미 작가의 즐거운 먹부림이 시작된다!,7.4
490,빨간봉투, 최호진,"드라마, 욕망, 돈",다음 웹툰,가질 수 없는 것들을 욕망하는 청춘들의 이야기,9.1
491,흰둥이, 윤필,"드라마, 현실반영, 힐링",다음 웹툰,오늘도 흰둥이는 사람들과 살아갑니다,9.7
492,도사랜드, 이원식/두엽,"판타지, 액션, 도술",다음 웹툰,제대로된 직업에는 사짜가 들어가 줘야지! 그래서 바로 도사!,9.6
493,낙오여군복귀기, 윤필,"드라마, 군대, 여군",다음 웹툰,정부 특별조치 발표! 여성 군복무 의무화 시대!,8.4
494,지혜가 쫀득쫀득, 어택,"일상, 코믹, 생활노하우",다음 웹툰,어택 스타일로 배우는 쫀득쫀득한 생활의 지혜!,9.2
495,후크는 악당이다, 엄세윤,"판타지, 동화, 후크",다음 웹툰,후크는 악당이다. 대체 왜?....... 그 사건의 전말를 파헤친다!!,9.1
496,사춘기 메들리, 곽인근,"드라마, 학교생활, 중학생",다음 웹툰,"풋풋하기만 했던 고등학생 시절, 인생 최대 위기가 찾아왔다!",9.6
497,사라세니아, 이상록,"판타지, 일상, 초능력",다음 웹툰,세상만물의 가치를 보는 초능력을 가진 주인공. 무료한 일상중 찾아온 의외의 일들.,9.6
498,환상의 파트너, 김예린/장유라,"순정, 반려동물, 초능력",다음 웹툰,"꽃미남 동물 심리학자와 동물의 말이 들리는 여자, 환상의 짝꿍이 될 수 있을까?",9.7
499,쏘쏘리, 남지은/김인호,"코믹, 일상, 싱글라이프",다음 웹툰,부족한 것 투성이로 살아가는 30대 싱글녀 쏘쏘리와 그녀의 주변인들의 삶 이야기!,9.1
500,라스트, 강형규,"액션, 스릴러, 돈",다음 웹툰,지하경제 100억을 둘러싼 한 남자의 사투가 시작된다!,9.6
501,스틸레인, 양우석/제피가루,"스릴러, 전투, 북한",다음 웹툰,지금 한반도가 위험하다! 숨막히는 국제 정치 스릴러!,9.6
502,조명가게, 강풀,"미스터리, 공포, 괴담",다음 웹툰,강풀 작가의 미스테리심리썰렁물 씨즌5 조명가게,9.5
503,커피와 하루 the start, 한상훈,"드라마, 커피, 카페",다음 웹툰,커피와 함께 살아가는 네 사람 이야기,9.4
504,메트로놈, 이원진,"액션, 판타지, 기억",다음 웹툰,시간의 벽을 넘어 잃어버린 기억 속의 그녀를 지켜야만해!,8.6
505,잡초이야기, 정이리이리,"코믹, 일상, 농촌",다음 웹툰,"고뇌하는 잡초의 탄생 이후, 잡초계에서 벌어지는 4차원의 일상!",9.3
506,기춘씨에게도 봄은 오는가, 네온비,"코믹, 연애, 짝사랑",다음 웹툰,나에게도 한번만 기회를..! 기춘씨의 처절한 솔로탈출기!!,9.7
507,학원기이야담, 계란계란,"코믹, 학원, 괴담",다음 웹툰,기이하고 익숙한 학원괴담을 엉뚱하게 비틀어버린다. 계란계란작가의 특별한 호러만화,9.5
508,에어리어제로, 라라시스터,"드라마, 판타지, 우주",다음 웹툰,지구를 떠나려 하지만 그 이유를 잃은 사람들...,9.6
509,인터뷰, 루드비코,"드라마, 미스터리, 소설가",다음 웹툰,독특한 감각의 소유자 루드비코 작가의 1년만의 복귀작,9.8
510,레이어즈, 글피,"판타지, 학원, 초능력",다음 웹툰,"시공을 초월한 그 곳, 레이어를 둘러싼 학원감성액션!",9.3
511,보지 못하고 듣지 못하고 사랑해, 네스티캣,"드라마, 사랑, 질병",다음 웹툰,나는 당신을 못보고 당신은 나를 못듣지만 그래도 사랑해,9.8
512,트레져헌터2, 허견,"액션, 판타지, 초능력",다음 웹툰,뒤엉킨 시간과 라크리모사의 분노! 모든 궁금증을 풀어 줄 대망의 시즌2!,9.6
513,거울아씨전, 환상거북,"판타지, 도플갱어, 이상형",다음 웹툰,내가 원하던 여자친구의 모습을 한 거울아씨와의 미스터리한 동거.,9.5
514,야옹이와 흰둥이, 윤필,"드라마, 일상, 현실반영",다음 웹툰,"흰둥이 시리즈의 시작점, 그 감동의 이야기를 다시 만나다!",9.7
515,이너 다이어리, 최호진,"드라마, 패션, 여자들",다음 웹툰,편한 몸을 위해 벗어던진 속옷..현실의 벽은 높고 높도다~,9.0
516,고마워 다행이야, 장대현,"순정, 드라마, 반전",다음 웹툰,그녀는 어떤 결정을 내릴까? 네 사람의 사랑 그 잔악한 이야기,5.4
517,수심 3000m에 닿으면, 김만호,"판타지, 초자연, 취재",다음 웹툰,신비로 가득찬 바다 그리고 인어에게 복수하기 위한 남자의 사투!,9.6
518,기네스 세계기록 세우기, 팀 샐러드레씽,"코믹, 학원, 도전",다음 웹툰,"기네스 세계기록에 도전하는 소년, 소녀들의 당찬 이야기!",9.4
519,라이오트, 박강호,"미스터리, 세기말, 재난",다음 웹툰,천천히 종말이 다가오고 있다 그것을 막을 수 있는 것은..,8.7
520,커피와 하루 ternate, 한상훈,"지식, 드라마, 커피",다음 웹툰,커피와 함께하는 우리들의 따뜻한 인생 이야기,9.2
521,암브로시아, 와자,"코믹, 병맛, 악당",다음 웹툰,음식 섭취로 초능력을 발휘하는 주인공의 왁자지껄 활약기!,7.3
522,좀비의 시간2, 이경석,"공포, 좀비, 가족",다음 웹툰,"좀비애와 가족애를 결합한 새로운 한국형 좀비만화, 그 두 번째 이야기!",8.3
523,커피와하루, 한상훈,"드라마, 지식, 커피",다음 웹툰,커피와 함께하는 따뜻한 하루 이야기,9.4
524,무채색 가족, 강형규,"코믹, 가족, 엽기",다음 웹툰,"무심한듯 시크한 가족코믹극, 가난한 그들의 경제회복기!",9.8
525,당신의 모든 순간, 강풀,"공포, 순정, 좀비",다음 웹툰,"순정만화 네번째 이야기, 당신의 모든 순간",9.7
526,당신과 당신의 도서관, 곽인근,"순정, 드라마, 취업",다음 웹툰,사상초유 엘리트 된장녀가 던지는 화끈한 인격모독!,9.7
527,에스탄시아1, 팀 풍경,"액션, 판타지, 복제인간",다음 웹툰,'에스탄시아'는 만화창작집단 풍경의 데뷔작,9.7
528,에스탄시아2, 팀 풍경,"액션, 판타지, 복제인간",다음 웹툰,"만화창작집단 풍경의 세번째 SF대작. '열차탈주극' 에스탄시아, 그 두번째 이야기!",9.5
529,트레져헌터1, 허견,"액션, 판타지, 초능력",다음 웹툰,인디아나 존스를 꿈꿨던 청년들과 의문의 소녀들의 보물찾기 대소동,9.6
530,아일랜드, 팀 풍경,"스릴러, 판타지, 평행이론",다음 웹툰,"한국 SF 만화의 신화 팀 풍경, 그들의 2010년 최신작!",8.6
531,브레이커1, 전극진/박진환,"무협, 액션, 무림",다음 웹툰,대한민국 최고의 도시무협 액션! 만화속세상 온라인 독점 공개!,9.0
532,장마, 네스티캣,"스릴러, 살인사건, 복수",다음 웹툰,어느 시골마을을 휩쓴 연쇄살인..그곳에는 비가 내린다! ,9.1
533,이스크라, 이충호,"판타지, 액션, 영웅",다음 웹툰,썩은 세상을 바꾸려는 젊은 영웅들의 열혈 혁명기! 작가 이충호의 대단한 도전!,8.5
534,크레이지, 팀 풍경,"드라마, 성장드라마, 장애인",다음 웹툰,어느 소년의 작지만 만만치 않은 감동이 시작됩니다,8.9
535,셔틀맨, 네온비/캐러멜,"학원, 코믹, 일진",다음 웹툰,찌질이 빵셔틀맨 앞에 나타난 괴상한 구원자!,9.6
536,지옥에서, Hun,"공포, 액션, 복수",다음 웹툰,한적한 시골에서 드러나는 또 하나의 지옥도! Hun 작가 2009 하반기 최신작! ,9.7
537,고백, 남지은/김인호,"드라마, 순정, 고백",다음 웹툰,갑작스러운 고백? 나는 네가 누군지도 잘 모른단 말이야!,9.3
538,R에 관해서, 이림,"드라마, 순정, 연애",다음 웹툰,각기 다른 4명의 여성. 그녀들의 사랑과 일. 이림의 세번째 작품.,9.6
539,어게인, 강풀,"스릴러, 공포, 살인사건",다음 웹툰,2009년 강풀작가의 최신작! 미심썰 시즌4 더 강력한 스릴이 온다!,9.6
540,미확인거주물체, 장이,"스릴러, 판타지, 외계인",다음 웹툰,"옆집에 조용히 내려 앉은 미확인물체, 알수없는 존재와의 독특한 동거가 시작된다",9.6
541,방벽동, 제피가루,"판타지, 액션, 로봇",다음 웹툰,지구를 습격해오는 괴생명체. .세상의 끝에서 그들과 맞서 싸우는 농촌 메카닉 드라마,9.1
542,술, 네스티캣,"액션, 판타지, 복수",다음 웹툰,'트레이스' 네스티캣의 신작 술! 증오와 사랑 그리고 인간에 관한 새로운 판타지!   ,9.2
543,고양이 장례식, 홍작가,"순정, 연애, 고양이",다음 웹툰,"헤어진 그와 그녀, 고양이 장례식에서 만나다. 홍작가의 7부작 단편극장",9.6
544,향연상자, Hun,"학원, 스릴러, 서바이벌",다음 웹툰,그들을 가둔 뜨거운 컨테이너 박스. .새로운 룰로 무장한 또 한 번의 생존게임! ,9.7
545,마음이 만든 것, 정필원,"드라마, 순정, 판타지, 성장드라마",다음 웹툰,"아이들의 순수한 로맨스, 정필원 작가의 작품과 함께 추억속으로 여행을 떠나세요",9.8
546,이웃사람, 강풀,"미스터리, 스릴러, 살인사건",다음 웹툰,오늘 나를 스치고 지나간 그 사람은 당신의 공포스러운 대상이 될 수 있다.,9.1
547,샴, Hun,"학원, 쌍둥이, 영혼",다음 웹툰,"불의의 사고로 서로의 몸을 공유하게 된 비극적인 쌍둥이 형제, 그들의 운명은?",9.6
548,무림수사대, 이충호,"액션, 무협, 무술",다음 웹툰,이충호 작가의 6년만의 컴백작 '무림수사대',8.8
549,데자뷰, Hun,"판타지, 순정, 천사",다음 웹툰,Hun 작가의 첫번째 웹툰 도전 데자뷰! 감동을 원하는 독자들께 추천합니다,9.5
550,블러드 오션, 팀 풍경,"판타지, 액션, 능력자",다음 웹툰,형과 동생들을 찾아 우주를 배회하는 이연의 행로는 어떻게 될 것인가.,9.6
551,"봄, 가을", 이림,"순정, 판타지, 연애",다음 웹툰,"'봄, 가을'은 '죽는남자'에서 보여줬던 이림 작가 특유의 시적인 전개와 코믹함이 묻어난다",9.6
552,커피 앤 페이퍼, 남지은,"순정, 커피, 연애",다음 웹툰,"20대라면 누구나 고민할 법한 진학, 사랑에 대하여...",9.2
553,도로시밴드, 홍작가,"판타지, 음악, 밴드",다음 웹툰,도로시와 그녀의 밴드 맴버들이 안내하는 환상의 나라로 떠나보세요~,9.6
554,브이, 제피가루,"판타지, 액션, 영웅",다음 웹툰,어린 시절 우리의 영웅 태권브이의 당당한 귀환!,9.7
555,그대를 사랑합니다, 강풀,"순정, 사랑, 부부",다음 웹툰,순정만화 3번째. 강풀의 손끝에서 나오는 어른들의 사랑이야기,9.7
556,오리우리, JJO/캐러멜,"코믹, 순정, 연애",다음 웹툰,청년백수 솔로 탈출기 '남아돌아'의 히어로 캐러멜 작가의 두번째 작품,9.5
557,도깨비, 네스티캣,"판타지, 액션, 도깨비",다음 웹툰,2006 SiCAF 디지털 만화공모전 대상에 빛나는 네스티캣의 데뷔작,9.3
558,죽는남자, 이림,"드라마, 죽음, 돈",다음 웹툰,"100일 동안 주어진 시간, 모든 것을 나누어주고 떠날 채비를 준비하는 남자",9.8
559,26년, 강풀,"드라마, 복수, 폭력",다음 웹툰,5.18이라는 민감한 소재를 다루면서 대중적 재미를 놓치지 않아 많은 박수를 받은 작품,9.5
560,심인애씨의 소유, 남지은,"순정, 사랑, 기억상실",다음 웹툰,'놀아죠패밀리'로 사랑을 받았던 남지은 작가의 두번째 작품 ,8.7
561,남아돌아, JJO/캐러멜,"코믹, 순정, 연애",다음 웹툰,'남아돌아'는 젊은 층에게 많은 인기를 누리고 있는 캐러맬 작가의 데뷔작,9.6
562,타이밍, 강풀,"미스터리, 초능력, 능력자",다음 웹툰,"이 작품을 보는 순간, 여러분이 알고 있는 시간의 개념은 무너질 것이다.",9.6
563,놀아죠 패밀리, 남지은,"일상, 가족, 옴니버스",다음 웹툰,네티즌들과 재밌고 감동적인 이야기를 나누고 싶은 남지은 작가의 데뷔작.,8.4
564,바보, 강풀,"순정, 드라마, 연애",다음 웹툰,강풀 순정만화 씨즌2-바보. 겨울내내 가슴 속에 따뜻한 사랑과 웃음을 심어주었던 작품,9.5
565,아파트, 강풀,"공포, 미스터리, 괴담",다음 웹툰,강풀만이 그려낼 수 있는 만화속 공포. 2006년 영화로 제작되어 화제를 모으기도 했다.,9.2
566,순정만화, 강풀,"순정, 드라마, 연애",다음 웹툰,강풀 작가의 대표작품인 '순정만화'. 2004년 최고의 히트작품,9.5
567,단짠남녀, 이노우/근영,"순정, 드라마, 음식",다음 웹툰,잘 먹는 여자와 못 먹는 남자의 달콤하고 짠내나는 이야기,9.8
568,승리호, 홍작가,"드라마, 액션, 우주",다음 웹툰,우주 청소선 승리호. 우연히 수거한 우주 쓰레기로 인해 거대 기업 uts의 표적이 된다.,9.8
569,콜로세움, Meen/한큰빛,"액션, 스릴러, 킬러",다음 웹툰,압도적이고 거대한 그들의 힘과 부딪히는 특별한 한 명,9.7
570,설공찬전, YSE,"순정, 드라마, BL",다음 웹툰,호러 소설 작가 설공찬이 우연히 마주친 아랫집 남자와 겪게 되는 미스터리한 로맨스,9.9
571,두번째 썸, 비아이,"순정, 복수, 설렘",다음 웹툰,전 남친에게 설레어버린 유소리. 그렇다면 그 남자는..?,9.4
572,음란마귀지만 괜찮아!, 모가비,"순정, 코믹, 썸",다음 웹툰,음란하면 안돼? 야한상상만 하면 남자친구와의 관계가 깨지는 그녀의 러브 스토리,8.6
573,하렘생존기, 오리발,"드라마, 순정, 음모",다음 웹툰,"17세기 오스만 제국 왕궁 하렘에서 벌어지는 나스챠와 아샤, 두 소녀의 우정과 욕망 이야기.",9.9
574,백의사자, 체사,"판타지, 저승, 귀신",다음 웹툰,"세상으로부터 잊혀진 소년에게 붉은 사자가 손을 내밀었을 때, 모든 것이 시작되었다.",9.9
575,당신도 보정해 드릴까요?, 은,"드라마, 판타지, 마법",다음 웹툰,사진을 보정하면 뭐든지 가능한 ‘마법의 타블렛'을 갖게 된 한 사진작가의 이야기,9.6
576,학교대표, 동훈,"스포츠, 학원, 축구",다음 웹툰,진화된 축구 천재들의 네게(Nege) 도전기.,8.8
577,질투유발자들, 김꽁,"순정, 썸, 사랑",다음 웹툰,"썸말고 연애하고 싶어. 썸만 타는 자들을 위해 그들이 왔다, 질투유발자들!",9.4
578,이담, 창/정두,"스릴러, 드라마, 살인사건",다음 웹툰,현실에서 도망치고 싶은 죄 많은 소녀의 다음 이야기,9.8
579,요괴백정, 좌서방,"액션, 판타지, 도깨비",다음 웹툰,어머니의 복수를 위해 도깨비의 팔을 달고 요괴들을 사냥하는 요괴백정의 액션활극!,9.8
580,형제가 사랑한 마녀, 복숭아,"순정, 드라마, 마녀",다음 웹툰,"묘약으로 시작된 기간한정 연애, 두 형제를 사로 잡아버린 마녀의 후예",9.8
581,피치 (PITCH), 홍성수/지뚱X강용,"학원, 스포츠, 성장드라마",다음 웹툰,"17세. 자신이 선택한 무게를 지고 오른다. 거친 호흡, 쏟아지는 땀. 철주의 계절은, 1도 더 높다.",9.9
582,인스타러브, 달나리,"순정, 학원, 연애",다음 웹툰,"갑작스런 헤어짐을 통보받고 상처받은 율, 전남친에게 보란듯이 성공한 모습을 보여주기 위해 SNS 셀럽이 되기로 한다.",9.1
583,신랑이 사라졌다, 방자,"순정, 드라마, 연예인",다음 웹툰,사라진(?) 신랑을 찾기 위한 톱스타 진사랑의 고군분투 사랑이야기,9.8
584,교수님을 빚는 중, 서아,"순정, 드라마, 캠퍼스",다음 웹툰,"내가 가르치는 보컬수업에, 우리 과 교수님이 수강생으로 들어왔다.",9.8
585,크라우드, 만두비/파크,"학원, 액션, 일진",다음 웹툰,"왕따 규현을 구해줄 마지막 희망, 일진 크라우드 펀딩 앱 ‘울타리’",9.5
586,마이셀프, 기행,"공포, 스릴러, 도플갱어",다음 웹툰,인기 스트리머지만 남모를 아픔을 가진 예림. 여러 위협 속에서 나를 찾기 위한 사투가 시작된다.,9.7
587,시간이 머문 집, 헤고,"판타지, 액션, 용사",다음 웹툰,학대 받아온 소녀. 아무것도 없는 세상에서 살아온 성격 더러운 아저씨와 만나다.,9.9
588,너를 만나다, 다노아,"순정, 학원, 연애",다음 웹툰,어느 날 우연히 너를 만나 변화하는 나의 이야기,9.9
589,화목한 가족, 서늬,"드라마, 학원, 가족",다음 웹툰,"의미 없는 삶에 지친 고3 영진, 비밀이 많아 보이는  전학생 유은과의 만남으로 변화가 생긴 삶",9.8
590,서천화원, 마하로/곡,"순정, 궁, 썸",다음 웹툰,자신의 운명을 스스로 개척하기 위해 궁을 벗어난 공주님의 좌충우돌 모험 로맨스,9.7
591,치원 신드롬, jaw,"공포, 스릴러, 오컬트",다음 웹툰,작가를 준비하고 있는 예담은 며칠간 친오빠의 집에 머문다. 하지만 조카가 다니는 유치원이 좀 이상하다.,9.4
592,옆집남자, 임수영,"순정, 드라마, 연예인",다음 웹툰,서른 살. 청춘의 한 가운데에 놓인 작가 지망생의 생계형 로맨스.,9.7
593,멸종인간, 디디,"공포, 스릴러, 생존",다음 웹툰,"<관찰인간>, <생존인간>에 이은 세 번째 이야기. 인류는 멸종당하지 않기 위해 고군분투한다.",9.8
594,조류공포증, 조눈/리도,"스릴러, 공포, 돌연변이",다음 웹툰,조류공포증이 있는 철민이 돌연변이 새들과 하르퓌아로부터 가족을 지키는 이야기,9.7
595,냥냐라냥냥, 손달섭,"일상, 코믹, 고양이",다음 웹툰,나만 없어 고양이 집사! 갑자기 생긴 고양이 집사들과의 좌충우돌 휴먼 다큐멘터리,9.7
596,구리의 구리구리 컴백, 구리,"코믹, 일상, 생활툰",다음 웹툰,"논픽션 좌충우돌, 돌아온 구리의 구리구리한 개그 일상툰",9.9
597,악마의 편집, 건초,"스릴러, 공포, 살인사건",다음 웹툰,유명 인터넷 방송인과 그 편집자를 둘러싼 끔찍한 살인사건... 과연 진실은?,9.7
598,미래의 너에게, 제경/정은,"순정, 판타지, 연애",다음 웹툰,나도 모르는 미래의 남자친구를 미리 보게 된다면..? 미래를 보는 소녀의 학원 로맨스,9.9
599,퍼펙트 마인, 나리온,"순정, 집착, 삼각관계",다음 웹툰,죽을 만큼 날 사랑할 수 있는 '진짜 나의 것'을 향한 일그러진 학원로맨스,9.7
600,그림자정원, 비둘기,"공포, 드라마, 귀신",다음 웹툰,기묘하고 아름다운 식물원. 그리고 당신을 기다리는 어둠의 이야기.,9.9
601,2020 전남콘랩 웹툰 창작 아카데미, 전남콘텐츠코리아랩,"드라마, 작가, 만화제작",다음 웹툰,전남 루키 작가들의 9가지 이야기가 지금부터 시작됩니다.,9.5
602,미래의 사진, 낑깡,"순정, 미스터리, 미래",다음 웹툰,어느날 우연히 주운 카메라에 미래가 찍힌다?!,9.8
603,세로토닌, 강희석,"스릴러, 공포, 좀비",다음 웹툰,"좀비 때문에 세상이 망했다. 잘 됐다, 새로운 인생 시작이다.",9.8
604,질풍의 노도, 김보통,"드라마, 학교생활, 사회문제",다음 웹툰,전학간 시골 학교의 친구를 통해 가습기 살균제 피해사고에 대해 알게 되는데...,9.9
605,랑데부, Hun/지민,"액션, 판타지, 복수",다음 웹툰,깨어나니 모든게 엉망이다. 전쟁? 외계의 침공? 뭐가 됐든 난 그저 개인적인 복수를 해야겠다.,9.9
606,인간을 먹는 성, 김만호,"판타지, 드라마, 모험",다음 웹툰,한번 들어가면 누구도 탈출할 수 없는 의문의 성. 그 성의 비밀은 무엇인가,9.7
607,세터, 한지우,"스릴러, 성인, 시공간초월",다음 웹툰,행복해지기 위해 환생을 반복하는 남자의 이야기,9.4
608,독립만화 특별전, 한국만화영상진흥원,"드라마, 만화가, 만화제작",다음 웹툰,제23회 부천국제만화축제와 16인의 작가들이 함께하는 독립만화 작품전,9.5
609,인생막장, 방진호,"드라마, 액션, 일탈",다음 웹툰,잔잔하던 인생에 폭풍우가 몰아친다. 막장으로 질주하는 두 남녀의 로드 무비,8.6
610,노동본색, 지뚱,"액션, 판타지, 노동자",다음 웹툰,망해버린 세상. 이제는 3D 업종의 전성시대가 되었다.,9.3
611,식귀, 깡/부랑,"액션, 판타지, 저주",다음 웹툰,원호는 지하철에서 의문의 남성과 마주친 후 식귀가 된다.,9.8
612,수의 계절, 이준,"순정, 판타지, 초능력",다음 웹툰,"수없이 반복되는 계절, 하지만 그가 있던 단 한 번의 계절",9.3
613,채널뽁스, 뽁스,"코믹, 지식, 리메이크",다음 웹툰,상상 그 이상의 요절복통 코미디 멀티플렉스 <채널뽁스>,9.5
614,유리의 벽, 조호,"순정, 드라마, 귀족",다음 웹툰,유복한 귀족 릴리. 그를 만난 순간부터가 시작이었다.,9.9
615,차피, 펭펭,"순정, 판타지, 사랑",다음 웹툰,잡음 가득한 나의 세상에서 만난 단 하나의 고요함,9.8
616,아빠는 변태중, 곽인근,"코믹, 드라마, 가족",다음 웹툰,"평범한 회사원이었던 아빠, 그런데 지금은? 다세대 주택에 사는 3세대가 벌이는 시트콤",9.5
617,동쪽으로, 봉봉,"판타지, 액션, 모험",다음 웹툰,"문명이 멸망한 미래, 4명의 총잡이들이 전설 속 동쪽의 파라다이스를 찾아 떠난다.",9.9
618,거울 죽이기, 환상거북,"스릴러, 드라마, 도플갱어",다음 웹툰,자신과 똑같은 사람이 눈앞에 나타났다! 또 다른 나와 살아가기 위한 이야기,9.7
619,Breaker.Drawing, 한필,"순정, 판타지, 이별",다음 웹툰,"이별을 그리는 남자, 사랑을 피우는 여자. 뗄레야 뗄 수 없는 사랑과 이별 이야기.",9.9
620,공부하는 고양이, Sepia,"드라마, 판타지, 고양이",다음 웹툰,"인생의 마지막 순간. 분명, 고양이는 공부를 하고 있었다.",9.6
621,나와 그녀삼신과 호러맨스, 탐기린,"판타지, 순정, 귀신",다음 웹툰,재수없이 휘말린 사건을 해결하기 위해 뭉친 겁쟁이와 초보삼신!,9.8
622,조숙의 맛, 이우물,"드라마, 일상, 가족",다음 웹툰,초등학생으로 살아간다는 건 어려운 일이다. 엄마가 교체된다면 더욱 그렇다.,9.9
623,트라이앵글, 89LINE,"판타지, 액션, 모험",다음 웹툰,"각으로 이루어진 세계, '원'을 찾아 떠나는 모험",9.9
624,"프롬, 스타", 라라시스터,"순정, 드라마, 운명",다음 웹툰,"별이 내리던 그 밤, 우리가 빌었던 소원은 이루어졌을까?",9.9
625,51번째 남자, 문미영,"순정, 드라마, 연애",다음 웹툰,이과 철벽녀와 그녀를 쫓는 남자들의 고군분투 로맨스!,9.0
626,의 새벽, 김언슴,"스릴러, 드라마, 소녀",다음 웹툰,"평범하다 생각했던 것들이 평범한 게 아니었다. 인육을 먹던 소녀, 유야. 그 아이와 산다.",9.9
627,마애(磨崖), 제피가루,"드라마, 지식, 역사",다음 웹툰,국보 마애삼존불입상을 소재로한 바우 장군의 역사 팩션,9.9
628,어떻게든 중간만 간다면, 유성연,"코믹, 일상, 취업",다음 웹툰,취준생 재호. 직장인 유나. 한 커플의 이야기. ,9.7
629,나홀로 주부, 은초,"학원, 드라마, 고등학생",다음 웹툰,살림에 찌든 고교생 주부! 그의 감춰진 일상이 드러난다.,9.9
630,화양연화, 나잔,"순정, 드라마, 패션",다음 웹툰,겉은 화려하지만 성격은 누구보다 소심한 그녀의 파란만장 캠퍼스 라이프,5.7
631,정으로 결혼한 소꿉친구, 김채운,"코믹, 순정, 결혼생활",다음 웹툰,연애세포 0 이소연과 로맨틱가이 김유신. 23년지기 소꿉친구의 결혼생활 러브코미디,8.6
632,치삼 탐정 사무소, 치삼,"코믹, 탐정, 병맛",다음 웹툰,"폭력을 무서워하는 평화주의자 킬러, 추리보다 주먹이 먼저 나가는 탐정. 그 둘의 이야기.",9.7
633,호아전, 진영/거북이,"드라마, 순정, 일제강점기",다음 웹툰,호랑의 여인과 벽안의 귀신이 그려가는 일제강점기 퓨전시대극,9.9
634,도나스 학교괴담, DONA$,"코믹, 공포, 괴담",다음 웹툰,기묘한 학교에서 벌어지는 무시무시한 이야기,9.7
635,이병 일학년, 최호진,"드라마, 대학생, 갑질",다음 웹툰,부푼 마음을 안고 입학한 음대. 그런데 막상 가보니 군대인지 음대인지 헷갈리는 건 내 기분 탓?,9.8
636,위대한 로맨스, 정영채/이예은,"순정, 판타지, 시공간초월",다음 웹툰,"사랑에 미치고, 시공을 초월하다.",9.6
637,옥탑빵, bodam,"일상, 드라마, 힐링",다음 웹툰,회사를 그만두고 차린 옥탑방 빵집에서 일어나는 빵냄새 고소한 우리들의 이야기,9.9
638,간이역에 겨울이 오면, 꿀오뎅,"순정, 드라마, 썸",다음 웹툰,"취업난을 뚫고 어렵게 '인턴'이 되었는데 쓰러질 것 같은 기차역이 웬말? 하지만 전화위복, 두근두근 로맨스가 찾아온다!",9.9
639,다음웹툰 팬클럽 모집, DAUM WEBTOON,"일상, 팬클럽, 에피소드",다음 웹툰,"가입 미션: 4월1일, 창단 발표 : 4월3일 최대 20만 캐시와 한정판 선물을 드립니다!",9.9
640,대작, 이종규/김용회,"드라마, 술, 음모",다음 웹툰,최고의 막걸리를 두고 펼쳐지는 신명나는 술 대결!,9.8
641,새벽날개, 박흥용,"드라마, 성장드라마, 로드무비",다음 웹툰,"오토바이에 앉아 먹고, 오토바이에 기대어 사랑하고, 오토바이 타며 생각하고.",9.9
642,차이니즈 봉봉클럽 광저우편, 조경규,"코믹, 지식, 음식",다음 웹툰,중국요리 미식 탐방 동아리의 광저우 여행!  맛나는 광동요리의 세계로 렛츠고~,8.3
643,곤조 스트릿 - 갱스터의 시대, 전상영,"액션, 격투, 청춘",다음 웹툰,미친 거리에서 벌어지는 파이트 바운서들의 스트릿 파이트,9.6
644,애휴, 조금산,"드라마, 이별, 사랑",다음 웹툰,서로 잘 모르는 남녀 이야기,9.9
645,헬로 브리, 기기,"일상, 드라마, 뱀파이어",다음 웹툰,어느 날 이루어진 이상한 만남. 그러나 별 탈 없이 굴러가는 단순한 사람들,9.9
646,얌얌숲 당근길 토요요, 김민재,"일상, 다이어트, 토끼",다음 웹툰,얌얌 소리 가득한 얌얌숲의 동물들이 좀 이상하다.,9.5
647,오리지널 씬2, 강형규,"액션, 영웅, 능력",다음 웹툰,"OCN X 강형규, 역대급 절대악의 귀환! 통쾌한 캐릭터의 혁명은 계속된다",9.9
648,방랑시인 김삿갓, 제피가루,"드라마, 역사, 시",다음 웹툰,"조선 팔도를 유랑하던 김삿갓, 기생 연향과 김판서의 모략으로 고통받는 영월 사람들을 보게 되는데…",9.9
649,나는 달린다, 이은재,"드라마, 질병, 가난",다음 웹툰,"육상부 유망주 채준수, 달리고 싶지만 달릴 수 없다. 푸른 하늘 끝까지 달리고 싶은 준수의 성장 드라마",9.9
650,키몽툰, 키몽,"코믹, 유머, 동물",다음 웹툰,"순도 100% 언어유희, 아재 드립 끝판왕 키몽을 만나보자!",9.8
651,작가의 사생활, 마시멜,"코믹, 일상, 만화가",다음 웹툰,4년차 웹툰작가의 묵직 발랄한 사생활,9.9
652,리와 구, 남유진,"드라마, 짝사랑, 비밀",다음 웹툰,당신은 좋아하는 그 사람에 대해 얼마나 알고 계세요?,9.7
653,위 아 애니멀스, 우블루,"드라마, 동물, 감성",다음 웹툰,각양각색 동물들이 펼치는 옴니버스 리얼 야생 드라마. 우리는 동물이다!,9.9
654,인랑:프리퀄, 윤태호,"스릴러, 액션, 영화",다음 웹툰,통일을 앞둔 사회의 폭력적인 혼란과 서로 대립하는 권력기관의 욕망,9.8
655,탐정 사용설명서, 이장희,"성인, 액션, 범죄",다음 웹툰,"20년 후 대한민국의 한 국제도시, 잔학무도한 의학기업을 추적하는 김탐정의 하드보일드 액션대작!",9.9
656,블레이드2 : THE RETURN OF EVIL, 임리나,"액션, 판타지, 게임",다음 웹툰,세상을 검게 물들이는 악마에 맞서 엘리시움으로 떠나는 영웅들의 일대기,9.9
657,귀신이면 어때, 규규,"순정, 판타지, 귀신",다음 웹툰,취준생과 처녀 귀신의 대책 없는 낭만 로맨스!,9.1
658,스틸레인2 : 강철비, 양우석/브리헴,"액션, 스릴러, 북한",다음 웹툰,한반도 전쟁위기를 타개하기 위한 두 '철우'의 첩보 스릴러. 12월 개봉 영화 '강철비'의 더 풍부한 이야기를 웹툰으로 먼저 만나보세요!,9.8
659,버디스, 전극진/박진환,"성인, 우정, 친구",다음 웹툰,이번엔 스코틀랜드다! 4버디스와 함께 떠나는 스코틀랜드 로드트립!,9.7
660,파워맨, 임강혁,"코믹, 능력, 병맛",다음 웹툰,파워맨과 친구들의 아스트랄 휴우먼 스토리!,9.6
661,2018 다음웹툰 능력고사, DAUM WEBTOON,"학원, 코믹, 능력자",다음 웹툰,"1등에게 10만 캐시를 지급합니다. 시험기간 : 4/1, 정답 및 장학생 발표 : 4/3",9.9
662,초월(初月), 이상훈/이현세,"판타지, 드라마, 역사",다음 웹툰,일제에 대항했던 백초월 스님의 이야기를 '거장' 이현세 작가의 그림으로 만나세요!,9.9
663,컷 : 죽음의 소리, 최승범/유난희,"스릴러, 공포, 괴담",다음 웹툰,평범한 일상을 살고 있는 당신에게 일어날 수 있는 끔찍한 공포의 순간,6.8
664,라그나로크, 황동/서재일,"액션, 판타지, 게임",다음 웹툰,게임 '라그나로크 온라인' 브랜드 웹툰. 잊혀진 자들을 위한 진혼곡이 시작된다!,9.8
665,라디오 갤럭시, 라자루스,"판타지, 초능력, 모험",다음 웹툰,인간의 마음에 방송을 하는 기상천외한 세계 라디오 갤럭시를 무대로 펼쳐지는 우주 활극!,9.8
666,블랙 마리아, yami ,"액션, 판타지, 외계인",다음 웹툰,난데없이 쏟아지는 외계인들의 재난에 대처하는 지구인경찰의 수난기! ,9.2
667,달콩분식, 수박,"드라마, 순정, 연애",다음 웹툰,작은 분식집에서 펼쳐지는 달콤한 연애소동,8.5
668,어떤 거짓말, 이세형,"순정, 드라마, 사랑",다음 웹툰,난 나를 위해 너를 사랑한다. 이기적인 그들의 위선과 사랑,9.4
669,웹툰작가 살인사건, C/DAUM WEBTOON,"스릴러, 탐정, 살인사건",다음 웹툰,"웹툰 작가가 죽었다. 용의자는 셋, 과연 그를 죽인 진짜 범인은 누구일까?",9.9
670,음양사, Hun/박형준,"무협, 판타지, 귀신",다음 웹툰,"고려의 소년 병사 ‘설봉’ 과 기억을 잃은 음양사 ‘세이메이’의 무인도 조우, 위험에 빠진 마을을 구하라",9.9
671,가디언즈 오브 갤럭시 :  죽음의 보석, 크리스토스 게이지/임강혁,"액션, 판타지, 우주",다음 웹툰,"다음웹툰과 MARVEL의 두 번째 콜라보 웹툰. 지구에는 '어벤져스', 우주엔 '가.오.갤'이 있다!",9.9
672,장산범 : 거부할 수 없는 목소리, GAR2,"스릴러, 공포, 괴담",다음 웹툰,3년 전 죽었던 그녀에게서 전화가 걸려왔다.,9.9
673,궁상가족, 정작가/김다정,"코믹, 가난, 병맛",다음 웹툰,이토록 구질구질한 가족은 없었다! 돼지 '핍'과 궁상가족의 우여곡절 이야기,9.8
674,도플, 현철,"드라마, 판타지, 도플갱어",다음 웹툰,난 두명이 되었고 5년 동안 아무일도 일어나지 않았다. 바로 지금까진...,9.7
675,용이라고 불러줘, 분홍곰,"드라마, 판타지, 용",다음 웹툰,용이 되고 싶은 이무기의 복수를 빙자한 사랑 이야기,9.6
676,당신의 소원은 무엇입니까, 말랑멜로우/채덕,"일상, 드라마, 소원",다음 웹툰,"""소원을 들어주는 나무가 있다?!"" 귀여운 소원 나무 신령과 까칠 소녀의 좌충우돌 힐링판타지",9.9
677,애프터눈 히어로즈, 구자윤,"액션, 판타지, 초능력",다음 웹툰,1급 비밀. 한국형 소녀 히어로가 나타났다!,9.6
678,키스앤코리아, 김나임,"드라마, 일제강점기, 여행",다음 웹툰,"1919년, 영국인 화가 '엘리자베스 키스'. 미지의 나라 조선을 여행하다.",9.9
679,70, 김재희,"액션, 전투, 군인",다음 웹툰,"정전 70년 이후, 내 나라 조국은 없다. 웹툰 최초 밀리터리 극화.",9.6
680,"어쩌면, 사랑", 모우,"학원, 순정, 사랑",다음 웹툰,"'사랑이란 뭘까?' 고민하는 고등학생 우영, 담임 선생님 석훈을 만나 찾아가는 감정의 정의",9.8
681,아시안 하이웨이, 최인환,"드라마, 액션, 추격전",다음 웹툰,"대륙으로 이어진 길, 그 희망의 길 위에서 펼쳐지는 처절한 사투",7.2
682,놀러와 마이홈, 만물상,"판타지, 동화, 힐링",다음 웹툰,뚝딱뚝딱 공방에서 심쿵심쿵 로맨스까지~베리의 달콤한 일분일초가 궁금하면? 놀러와~마이홈~♬,9.9
683,무균격리구역 AA아파트, 미스와플/미스비글,"드라마, 미스터리, 질병",다음 웹툰,"불명성 면역결핍증이 유행하는 대한민국, 위기의 청년 G와 수수께끼의 AA 아파트",8.6
684,여우는 같은 덫에 두 번 걸리지 않는다, 박흥용,"드라마, 청춘, 백수",다음 웹툰,"1990년, 아마추어 무선사들의 광장에서 벌어지는 이야기 ",9.9
685,사랑하는 나의 엄마에게, 안나보니따,"일상, 엄마, 가족",다음 웹툰,"'엄마는 너를 사랑해, 네가 작은 아기였을 때부터..' 엄마에게 보내는 딸의 소소한 편지",9.9
686,멈춰있는 동안에, 박우진,"드라마, 판타지, 능력자",다음 웹툰,멈춰있는 동안에 찾아온 이야기.만화공모대전2 우수상 수상작.,8.7
687,지구방위연구소, 니나노머신,"코믹, 병맛, 로봇",다음 웹툰,지구 수호의 임무를 띤 연구소에서 펼쳐지는 개그 퍼레이드! ,9.5
688,더 헌터, 강두영/이태훈,"무협, 전투, 조선시대",다음 웹툰,"임진왜란의 처절한 게릴라 혈투, ‘무등산 매'와 함께 왜군에 맞서다! ",9.2
689,아빠는 16세, 서랍천사,"코믹, 결혼생활, 만화가",다음 웹툰,"내게 완벽한 삶을 주겠다던 외계인, 그런데 뭔가 이상하다..",8.1
690,백조만화방, 해밀/김민욱,"순정, 드라마, 백수",다음 웹툰,4년째 취업준비 중인 해밀이 잊혀지던 출판 만화를 통해 전달해주는 희망 메세지,9.2
691,계마로의 블로그, 나날,"일상, 생활툰, 동물",다음 웹툰,"귀여움의 대명사, 웰시코기와 하우스 쉐어! 이 개.. 아니 이 분과 잘 지낼 수 있을까?",9.7
692,집떠난 개고생, 만자기,"드라마, 여행, 부부",다음 웹툰,"삶에 지친 남녀의 3주 간의 여행, 그들에겐 무슨 일이?",7.9
693,별신마을 각시, 류성곤,"판타지, 모험, 설화",다음 웹툰,"요괴들만 사는 별신마을, 그속에 나만 인간? 인간 세상으로 돌아가기 위한 기나긴 모험!",9.8
694,마야비, Meen/Greenbi ,"액션, 무협, 마법",다음 웹툰,"신들의 봉인이 풀린 아유타국, 마지막 마야비의 전쟁이 시작된다",8.2
695,[특집] 15인의 반전만화, DAUM WEBTOON,"코믹, 드라마, 반전",다음 웹툰,내가 알던 작가 맞아? 15인 작가의 스타일 대반전! ,8.9
696,스타워즈 : 깨어난 포스 그 이전의 이야기, 홍작가,"액션, 판타지, 잠재능력",다음 웹툰,SF 최고의 우주 대서사시 '스타워즈'시리즈 스타워즈 원작 3부작을 웹툰으로!,9.8
697,잡초 이야기 : LIVE, 정이리이리,"코믹, 농촌, 힐링",다음 웹툰,나는 죽지 않는다. 묵묵히 살아갈 뿐..,9.5
698,치삼만화, 치삼,"코믹, 병맛, 망상",다음 웹툰,"웃대의 전설 치삼, 5년만에 다음웹툰 입성",9.1
699,50픽셀 데이즈, 함서연/구슬,"드라마, 순정, 게임",다음 웹툰,"게임을 만드는 청춘들의 일상, 성장, 좌충우돌 로맨스 코미디",9.4
700,용비개천가, 문미영,"드라마, 판타지, 이웃",다음 웹툰,개천에서 사는 거지용과 무미건조한 중2 소녀의 좌충우돌 밥정(情) 이야기.,9.3
701,소소한가, 강소소,"코믹, 일상, 가족",다음 웹툰,가족들도 모르는 가족들의 진짜 이야기를 들려드립니다,9.7
702,까칠한 임작가의 만화그리기, 임강혁,"일상, 지식, 만화제작",다음 웹툰,"슈퍼우먼, PEAK 임강혁 작가의 소소한 그림 팁!",9.7
703,동네의사 닥터쿡, 한종경/팀 그로우,"드라마, 의학, 요리",다음 웹툰,동네의사 동강과 요리사 봉식의 좌충우돌 시끌벅적한 동거가 시작된다.,8.4
704,찡한 일상단편, ZZING,"일상, 순정, 연애",다음 웹툰,"하루하루가 찡한 나와 내 친구, 가족의 공감 일상.",9.8
705,엘리베이터에 낀 그 남자는 어떻게 되었나, 김준표/이상록,"드라마, 미스터리, 현실반영",다음 웹툰,의지를 가지고 운명을 극복하려는 남자와 운명에 순응하는 또다른 남자의 이야기,9.0
706,어벤져스 : 일렉트릭 레인, 네스티캣,"액션, 판타지, 초능력",다음 웹툰,전세계 최초 마블 공식 웹툰 <어벤져스 : 일렉트릭 레인> 다음 독점 연재,7.6
707,도대체 무슨 일이야, 유니 UNI,"순정, 연애, 전생",다음 웹툰,열살 소녀가 되어 버린 안나와 연하남 일우의 기상천외한 동거,8.0
708,하이드, 이충호,"미스터리, 살인사건, 연애",다음 웹툰,한 소녀의 죽음을 둘러싸고 벌어지는 두 인격의 대립. 과연 게임의 승자는 누가 될 것인가?,9.6
709,암묵적 동의, 만자기,"액션, 판타지, 스마트폰",다음 웹툰,"바이오공학이 발달한 근 미래 서울, 그곳에 거대한 음모가 숨어있다!",9.1
710,슈퍼스타 마광길, 김도헌,"코믹, 판타지, 병맛",다음 웹툰,무엇을 상상하든 그 이상을 보게된다. 신개념 병맛 판타지액션드라마,9.0
711,부엉이 식당, 최인환,"드라마, 음식, 사후세계",다음 웹툰,귀신들이 영업하는 식당으로 초대합니다! ,9.4
712,취미학배틀, 낼름이,"판타지, 액션, 배틀",다음 웹툰,"외국산 오타쿠는 가라, 대한민국은 취미학 배틀이다!",8.1
713,모험의 꿈동산, 니나노머신,"코믹, 병맛, 외계인",다음 웹툰,모두가 원하는 궁극의 놀이기구를 개발하라!,9.7
714,언더시티2, 현석/쵸밥,"액션, 판타지, 게임",다음 웹툰,"가상현실게임 언더시티에서 위험에 빠진 유저들, 무사히 로그아웃 할 수 있을 것인가",9.7
715,동재네 식구들, 김민재,"드라마, 현실반영, 노동자",다음 웹툰,"마흔 중반의 동재와 그의 식구들, 그들이 만들어가는 조금은 다른 이야기",9.8
716,신사의 집, 이종규/두엽과 영인,"드라마, 패션, 디자이너",다음 웹툰,당신의 남자를 위한 맞춤 양복점,9.8
717,모르모트 인 더 시티, 데몬제이,"코믹, 병맛, 동물",다음 웹툰,"개성 넘치는 모르모트들의 실험실 탈출, 그러나 또 이상한 곳으로 와버린 듯?",9.2
718,장난감의 사정, 김도연,"순정, 연애, 삼각관계",다음 웹툰,철없는 장난으로 시작된 삼각관계. 너만 사라지면 돼,9.5
719,한성 1905, 제피가루,"판타지, 액션, 역사",다음 웹툰,"1905년 제국수도 한성, 검과 총이 충돌하는 본격 개화기 공상활극",9.6
720,팬더댄스, 조경규,"코믹, 음식, 여행",다음 웹툰,"까만 눈두덩이에 게슴츠레 뜬 눈, 귀여운 팬더와 너구리의 대활약극을 기대하세요",8.3
721,은밀하게 위대하게2, Hun,"액션, 간첩, 북한",다음 웹툰,은밀하게 위대하게 두 번째 침투가 시작된다! 은밀하게 위대하게 그리고 유일하게!,9.4
722,꽃처럼 산다, HUN/박형준/송래현,"드라마, 힐링, 연애",다음 웹툰,20-30대가 폭풍공감할 꽃집에 얽힌 에피소드,9.8
723,공긔 엇더하니잇고, yami ,"스포츠, 공기놀이, 수능",다음 웹툰,"그래, 결정했어! 나는 열심히 노력해서 공기학과를 갈거야!",7.4
724,지구 전세냈냐, 강산,"판타지, 코믹, 병맛",다음 웹툰,외계인들의 커밍아웃 시작! 지구 전세내셨어요?,9.1
725,카산드라, 이하진,"드라마, 역사, 고전",다음 웹툰,그대는 미래를 보겠지만 아무도 믿지 않으리라! 아폴론의 저주를 받은 카산드라 왕녀,9.8
726,빌어먹을 것들, 최희대/이태훈,"드라마, 스릴러, 살인사건",다음 웹툰,"유쾌한 노숙자들의 살인사건 해결기, 5회 다음만화공모전 장려상 수상",9.4
727,동거, 김영찬,"판타지, 드라마, 대학생",다음 웹툰,"어서와, 이런 커플은 처음이지? 찌질한 자취생 뱀파이어, 곰의 동거 생활",9.3
728,삼풍, 손영수/한상훈,"드라마, 재난, 사건사고",다음 웹툰,1995년 6월 29일. 그들은 삼풍의 잔해 속에 묻혀 있었다.,9.7
729,CCTV, INJO,"일상, 미스터리, 현실반영",다음 웹툰,모든 것을 지켜보고 있다! 제4회 공모전 본선 진출 작품!,8.4
730,미 앤 아이, 고리타,"코믹, 도플갱어, 솔로",다음 웹툰,세상 사람들이 똑같이 변해간다! 그 중 진짜를 찾아 사랑을 이뤄야 하는데. .,7.6
731,설국열차 : 프리퀄, 윤태호,"드라마, 재난, 영화",다음 웹툰,"17년째 궤도를 도는 열차의 탄생과 인류 마지막, 살아남은 자들의 이야기",9.3
732,라임 오딧세이, 글피,"판타지, 게임, 모험",다음 웹툰,너와 나의 판타지 어드벤쳐..신의 과일 LIME을 찾아라!,9.6
733,우스 메이트, 만자기,"미스터리, 공포, 괴담",다음 웹툰,무표정한 남자와 흐릿한 여자의 잔혹한 한 집 살이,9.1
734,짐승수컷고등학교, 비누끼,"판타지, 코믹, 학교생활",다음 웹툰,본능에 충실한 우리는 짐.승. 입니다! 짐승수컷고등학교의 시시콜콜 학교생활 엿보기,9.6
735,벼랑 끝의 디저트, 윤소이,"순정, 연애, 삼각관계",다음 웹툰,안정된 사랑 혹은 순수한 사랑. .당신의 진실된 선택은?,8.9
736,오!솔로, 정이리이리,"일상, 코믹, 솔로",다음 웹툰,솔로생활이 길면 마법사가 된다고 했던가!,9.3
737,제 0시 : 대통령을 죽여라, 이충호,"액션, 판타지, 정치",다음 웹툰,그 때 그는 죽지 않았다! 그리고 그곳에 그들이 있었다!,7.8
738,파수꾼의 왈츠, 김도연,"순정, 연애, 병",다음 웹툰,잊혀지는 병에 걸린 홍조의 인생,9.7
739,0.1초의 설렘, 임강혁,"순정, 연애, 힐링",다음 웹툰,긴 사랑과 짧은 설렘에 대한 보고서,9.5
740,그루밍 선데이, Hun,"일상, 코믹, 반려동물",다음 웹툰,Hun 작가와 작은 고양이 알콩달콩 동거 이야기,9.7
741,파이팅 스타, 두엽,"액션, 판타지, 배틀",다음 웹툰,런던올림픽? 난 우주올림픽이야!재미대통령 두엽작가의 2012 액션대작!,8.1
742,올망동은 평화롭습니다, 니나노머신,"판타지, 코믹, 악당",다음 웹툰,지구방위연구소의 악당 외전..개념찬 악당의 이상한 동네 적응기!,9.5
743,트릭코드, 환상거북,"판타지, 미스터리, 추리",다음 웹툰,미스터리한 사건들의 비밀을 밝히기 위한 추리극,9.4
744,웨이크 업 데드맨, 김용환,"코믹, 판타지, 좀비",다음 웹툰,"시체가 벌이는 순정로드무비, Daum 공모전 최우수상 수상!",9.4
745,노루, 안성호,"판타지, 재난, 지구멸망",다음 웹툰,"200광년을 건너온 카메라, 인류의 마지막을 담다!",9.7
746,굿모닝 사회인 야구, 장이,"지식, 스포츠, 야구",다음 웹툰,기초부터 배우는 사회인 야구교본의 정석!,9.5
747,고.흔.연, 우문경/이진아,"판타지, 순정, 연애",다음 웹툰,고양이를 통해 만난 흔해빠질 수 있는 그와 그녀의 인연,9.6
748,용사에게 소중한 것, 데몬제이,"코믹, 판타지, 용사",다음 웹툰,어느 용사의 대서사시,9.2
749,미세스 선녀, 박세준/아초,"액션, 드라마, 결혼생활",다음 웹툰,"학원가를 주름잡던 그녀, 어느날 현모양처가 되어 돌아오다!",9.4
750,모든걸 걸었어, Hun/박용제,"스포츠, 드라마, 축구",다음 웹툰,한계가 꿈을 가로막을 때 당신은 목숨을 걸 수 있겠는가,9.6
751,순정큐피트, 오곡,"순정, 판타지, 사랑",다음 웹툰,"누구나 필요한 것, 누구나 가슴 속에 품고 있는 그것!",9.8
752,날 좋아해줘, 김도연,"코믹, 드라마, 연애",다음 웹툰,"좋아할 수 없을 것 같은 그들의 당부, 날 좋아해줘",9.2
753,소녀K, 네스티캣,"판타지, 액션, 킬러",다음 웹툰,이제껏 본적 없었던 미소녀 킬러 액션이 온다!,8.9
754,보고 있으면 기분 좋아져라, 페리테일,"일상, 생활툰, 힐링",다음 웹툰,"말랑말랑 촉촉하게, 페리의 감성시트콤 생활만화!!   ",9.6
755,창작의 고통, 낼름이,"지식, 일상, 만화가",다음 웹툰,대학교 만화학과에 들어가면 무엇을 배우는지 알아볼까요?,8.2
756,아침에 시 한 수, 조경규,"일상, 코믹, 시",다음 웹툰,팬더댄스와 함께 매일 매일 아침 시 한 수 꿀~꺽!,5.8
757,무늬만 사람, 김효중,"드라마, 현실반영, 동물",다음 웹툰,사람을 닮은 동식물들의 옴니버스 이야기.,9.4
758,그녀의 수염, 유동혁,"판타지, 드라마, 연애",다음 웹툰,"눈에 거슬리는 그녀의 수염, 그리고 사랑 혹은 이별..",8.7
759,광해이야기2, DAUM WEBTOON,"공포, 괴담, 귀신",다음 웹툰,2011년 추석 특집 3부작 단편 광해이야기 그 두번째,3.6
760,마왕의 성, 서강용,"액션, 판타지, 마왕",다음 웹툰,"아무도 가보지 못한 안개의 숲 속 마왕의 성, 그곳엔..",9.4
761,아쉬탕가, 홍경원,"코믹, 스포츠, 요가",다음 웹툰,궁극의 기술 '아쉬탕가'를 완벽 마스터 하는 자 누가 될 것인가!,8.8
762,비산, 박혜림,"드라마, 설화, 동물",다음 웹툰,대구 '비산동 설화'를 모티브로 한 만화로 거대한 거북과 한 소년의 짧은 여행을 다루고 있다.,9.8
763,가론피, P,"공포, 괴담, 귀신",다음 웹툰,피P에 관한 피할 수 없는 옴니버스 공포만화가 펼쳐진다!,9.2
764,모르모트, 데몬제이,"코믹, 혁명, 도전",다음 웹툰,개성 넘치는 쥐들이 들려주는 유리벽 안 작은 세상 이야기,9.1
765,노숙자 블루스, 조금산,"드라마, 납치, 노숙자",다음 웹툰,처음부터 선택된 인생이 어디있어? 난 지금부터 그걸 바꿀꺼야!,9.5
766,차이니즈 봉봉클럽 북경편, 조경규,"코믹, 지식, 음식",다음 웹툰,중화요리에 목숨 건 청춘들의 중국 본토 식도락 여행~,9.1
767,앞으로 나란히, 글피,"스릴러, 드라마, 연애",다음 웹툰,당신이 알게 된 진짜 사랑이 지금의 사랑이 아니라면..,8.5
768,겨울하나, 마루,"판타지, 성장드라마, 귀신",다음 웹툰,유령소년 유가온이 죽은뒤에 맞는 첫 인연에 대한 이야기,9.7
769,마당에 데굴데굴 열매, 라라시스터,"드라마, 설화, 아이들",다음 웹툰,간절히 바라는 이에게 이 소중한 씨앗을 드립니다,9.7
770,디스라이크, 배추도사무도사,"순정, 연애, 청춘",다음 웹툰,"민트사탕 맛의 오기와 자존심, 정말 안좋아해? 좋아해?",9.5
771,미소식가, 장어진,"드라마, 코믹, 음식",다음 웹툰,"외딴 레스토랑 미소식가를 배경으로 펼쳐지는, 꿈과 사랑 가득한 사람들의 이야기",9.5
772,수퍼우먼2, 임강혁,"판타지, 액션, 영웅",다음 웹툰,"모든 것이 사라진 지금, 그녀 앞에 펼쳐진 또 다른 세계는?! 본격 히어로 만화 ",9.8
773,환상주사위, 환상거북,"학원, 판타지, 게임",다음 웹툰,환상속의 모험을 즐기는 TRPG 부 아이들의 이야기,9.3
774,GONE, 라라시스터,"순정, 바이러스, 가족",다음 웹툰,"내가 죽더라도 너무 슬퍼하지마, 바람결에 너를 다시 찾아갈게",9.4
775,매지컬, 글피,"코믹, 성장드라마, 마법",다음 웹툰,올바른 매지컬 프린세스를 기르는 한 요정의 육성분투기,8.7
776,풋프린트, 김만호,"드라마, 성장드라마, 여행",다음 웹툰,"15년 전 돌아가신 아버지, 그가 남긴 흔적을 쫓는 20살 청년의 성장드라마!",9.7
777,팬더댄스와 차봉클럽, 조경규,"코믹, 음식, 중화요리",다음 웹툰,차이니즈 봉봉클럽에 팬더댄스가 떴다?! 본격 중화요리 만화 지금부터 시작합니다,7.0
778,실버볼2, 주니쿵,"스포츠, 노인, 실버볼",다음 웹툰,드디어 실버볼 시즌전 개막! 상상초월 볼 컨트롤!,9.6
779,주선, 호랑,"판타지, 무협, 게임",다음 웹툰,"지켜주지 못한 사랑, 그녀를 위한 한 남자의 여정",9.2
780,스윗로드, 송래현,"드라마, 성장드라마, 제빵사",다음 웹툰,"꿈을 향해 달려가는 한 소녀, 그녀의 달콤한 성장기!",9.1
781,광해이야기, DAUM WEBTOON,"공포, 괴담, 귀신",다음 웹툰,"2010년 여름, 만화속세상이 선보이는 공포 프로젝트 '광해'",7.1
782,우리동네에 왜 왔니, 조금산,"코믹, 조폭, 폭력",다음 웹툰,조폭 패거리로 부터 우리동네를 지켜라! 조금산 작가 신작!,9.8
783,헌티드스쿨 원더러즈 에이스, 계란계란,"학원, 코믹, 병맛",다음 웹툰,"평화롭던 우리 학교에 생긴 웃지 못할 사건, 사건의 실마리는 과연 어디에?!",9.5
784,To.From, 오곡,"판타지, 시공간초월, 외계인",다음 웹툰,"우연히 낯선 세계에 발을 딛은 소년, 그곳에서 만난 것은..? ",9.6
785,탄, 임강혁,"코믹, 유머, 악마",다음 웹툰,수퍼우먼 임강혁 작가의 괴기발랄한 단편 만화!,9.3
786,실버볼1, 주니쿵,"코믹, 스포츠, 노인",다음 웹툰,새로운 스포츠 '실버볼'! 그 속에서 펼쳐지는 요절복통 이야기!,9.6
787,반짝반짝 컬링부, 곽인근,"스포츠, 컬링, 학교생활",다음 웹툰,컬링을 단 한번도 해본적 없는 선생님과 학생들이 풀어가는 좌충우돌 컬링 이야기,9.8
788,카메라ON, 환상거북,"학원, 코믹, 고등학생",다음 웹툰,"학교의 모든 특종은 나에게 맡겨라, 4차원 명랑 학원만화 출동~!",9.1
789,종달새가 말했다, 이원진,"순정, 학원, 성장드라마",다음 웹툰,"아주 가까운 미래, 게임중독 소녀와 자폐소년이 만들어가는 하이테크 청춘 동화!  ",8.2
790,흩날리는, Hun,"판타지, 액션, 초능력",다음 웹툰,2년간의 기다림끝에 찾아 온 항해의 새로운 시작! ,9.7
791,수퍼우먼1, 임강혁,"판타지, 액션, 영웅",다음 웹툰,강철같은 그녀의 숨겨진 비밀은? 본격 여성 히어로 만화 슈퍼우먼!,9.7
792,룬의 이야기, 주니쿵,"판타지, 동화, 초자연",다음 웹툰,위대한 바위가 되기 위해 떠나는 어느 바위인간의 아름다운 동화!,9.0
793,까야제맛, 하준성 ,"코믹, 병맛, 옴니버스",다음 웹툰,체이서 하준성 작가의 무한 개그본능이 살아난다!,8.4
794,비행접시, 고리타,"판타지, 코믹, 사랑",다음 웹툰,사랑하지 않는 자는 모두 유죄! 목숨을 건 사랑쟁탈전 발발!,9.3
795,탁구공, 조금산,"드라마, 짝사랑, 대학생",다음 웹툰,"어느날 만난 의문의 노숙자, 그리고 떠오르는 사랑의 기억? ",9.8
796,사랑보험, 와자,"순정, 판타지, 연애",다음 웹툰,사랑 때문에 아프십니까? 이제 사랑도 보험이 필요합니다,8.5
797,삼백이론, 계란계란,"학원, 코믹, 학교생활",다음 웹툰,망상에 빠져 사는 소녀와 평범한 우등생 두 소녀가 풀어나가는 일상의 낯선 재해석,9.6
798,무차별! 강팀장, 홍경원,"드라마, 코믹, 직장생활",다음 웹툰,성과 위주로 달리는 무차별 강팀장! 그의 리더십에 최대 위기가 찾아왔다!,9.6
799,밤12시, DAUM WEBTOON,"공포, 괴담, 귀신",다음 웹툰,"7주간, 매주 금요일 밤 12시 만화속세상 대표작가들이 선보이는 아주 특별한 공포",8.9
800,염라공주 모모레, 주니쿵,"코믹, 판타지, 저승",다음 웹툰,인간세계에서 살아가는 염라국 공주 모모레 식솔들의 좌충우돌 이야기!,9.5
801,12월, 강소소/송래현,"판타지, 순정, 연애",다음 웹툰,송래현 작가의 '12월' 전작보다 더 가슴아픈 사랑의 이야기가 펼쳐집니다,9.5
802,항해1, Hun,"액션, 판타지, 초능력",다음 웹툰,작가 최종훈(hun)의 세 번째 웹만화 '항해'! ,9.7
803,해골택시, 와자,"판타지, 코믹, 죽음",다음 웹툰,"이제 스스로 삶을 포기하려는 자여, 당신 앞으로 택시 한 대가 멈춰 설 것이다. ",8.5
804,천사의 섬, 고리타,"코믹, 판타지, 서바이벌",다음 웹툰,"하염없이 섬에서 표류하는 주인공. 그러던 어느날, 그의 앞에 천사가 나타난다.",9.5
805,울트라병장, 김민재,"판타지, 코믹, 영웅",다음 웹툰,리얼코믹 SF메카닉 만화. 울트라 병장은 대한민국의 평화를 지킬수 있을 것인가,9.4
806,스멜스 라이크 30 스피릿, 고리타,"일상, 코믹, 음악",다음 웹툰,고리타 작가 특유의 개그코드로 우울한 현대인의 자화상을 즐겁게 '편곡'한 작품,8.9
